t,Xd_x,Xd_y,Xd_z,Xd_dot_x,Xd_dot_y,Xd_dot_z,Xd_ddot_x,Xd_ddot_y,Xd_ddot_z,X_x,X_y,X_z,Xdot_x,Xdot_y,Xdot_z,Qd_x,Qd_y,Qd_z,Qd_w,Q_x,Q_y,Q_z,Q_w,omega_x,omega_y,omega_z
4.036221599999408,-0.11519218791024327,-0.14660720053840093,0.7159757849436984,-0.1924759414976343,0.14844799448069032,-0.6278000246511816,0.0,0.0,0.0,0.000897528559968588,-0.23544998417550445,1.09169957908361,0.0,0.0,0.0,0.8788170139043618,7.796650260769695e-08,7.796655356582392e-08,0.4771589421484299,0.7071064042731856,0.00045394271129715706,-0.00044164420170688615,0.7071068744696662,0.0,0.0,0.0
4.253127500000119,-0.11983040043532409,-0.14302995684775544,0.7008472971185384,-0.1924759414976343,0.14844799448069032,-0.6278000246511816,0.0,0.0,0.0,0.000940095312939429,-0.23544998254806665,1.0916995346698641,0.00019632362900829777,7.689091444308167e-09,-2.095822207969729e-07,0.902585204626185,7.03443960045224e-08,7.034444198091669e-08,0.43051126395240574,0.7071063901205992,0.0004754594588273425,-0.00046250891444576855,0.7071068611422335,-5.22393827543022e-09,0.00027643502585200983,4.252838240625945e-06
4.256333000001177,-0.11989862460210321,-0.1429773386313972,0.7006247699120082,-0.1924759414976343,0.14844799448069032,-0.6278000246511816,0.0,0.0,0.0,0.0009832315040423376,-0.2354499808099525,1.091699487569172,0.01376965233357725,5.679558437160594e-07,-1.5372017492073285e-05,0.902585204626185,7.03443960045224e-08,7.034444198091669e-08,0.43051126395240574,0.7071063751109591,0.000497262954217202,-0.0004836459414709607,0.7071068470136584,-3.85108104856137e-07,0.01938490230899546,0.00030086167580569627
4.262785999999323,-0.12004402306693675,-0.14286519936694073,0.7001505227978156,-0.1924759414976343,0.14844799448069032,-0.6278000246511816,0.0,0.0,0.0,0.001071235064232513,-0.23544997698312992,1.0916993849460261,0.012719114704651256,5.781316301347249e-07,-1.5466694489825946e-05,0.902585204626185,7.03443960045224e-08,7.034444198091669e-08,0.43051126395240574,0.7071063424051459,0.000541741715022841,-0.0005267478823989452,0.7071068162470217,-3.9144675566238586e-07,0.01790112001223488,0.0002814103654815196
4.318814800000837,-0.12123470918179992,-0.14194687698112912,0.6962668541873566,-0.1924759414976343,0.14844799448069032,-0.6278000246511816,0.0,0.0,0.0,0.0011161173240802718,-0.23544997488459418,1.0916993292331412,0.0008082888356342881,3.861406896503075e-08,-1.0239017944965601e-06,0.902585204626185,7.03443960045224e-08,7.034444198091669e-08,0.43051126395240574,0.7071063246481076,0.0005644244723211082,-0.0005487199095368485,0.7071067995530244,-2.6043453157992654e-08,0.0011372999124196301,1.8101020923084166e-05
4.433659700000135,-0.12369081768086324,-0.1400525915027676,0.68825574919283,-0.1924759414976343,0.14844799448069032,-0.6278000246511816,0.0,0.0,0.0,-0.09729321676308708,-0.21836062465955414,1.0810998216420327,-0.8205160248243863,0.29608186798679875,-0.18400879294726807,0.902585204626185,7.03443960045224e-08,7.034444198091669e-08,0.43051126395240574,0.7127809607603824,-0.00917600331266215,0.009675376547469043,0.7012599304319168,0.27892564505211287,-0.27337850811007947,-0.007535956407720697
4.521194000000833,-0.1255174558549011,-0.13864378803638153,0.6822977916332154,-0.1924759414976343,0.14844799448069032,-0.6278000246511816,0.0,0.0,0.0,-0.08488788750424311,-0.2234639053413267,1.084930139827171,0.14358644709666252,-0.053653614625377995,0.0385447898857586,0.902585204626185,7.03443960045224e-08,7.034444198091669e-08,0.43051126395240574,0.7099286919349805,-0.016545654532089966,0.016385420316513934,0.7038884937862271,-0.07565174526001968,-0.2303620894302426,-0.014374346691057617
4.6304611999985354,-0.1276207540284917,-0.13702160921634304,0.6754374503617053,-0.1924759414976343,0.14844799448069032,-0.6278000246511816,0.0,0.0,0.0,-0.13846250423643736,-0.1993258204559692,1.0755142492768461,-0.46255004101063135,0.275845595992421,-0.10691945520433367,0.902585204626185,7.03443960045224e-08,7.034444198091669e-08,0.43051126395240574,0.7056118746282116,-0.0002567913560780202,0.0020165863380326122,0.7085956179806656,-0.20025115052430448,0.4163254543717313,0.016712144979853908
4.733446300000651,-0.12960311764321833,-0.13549270175576428,0.6689715621238849,-0.1924759414976343,0.14844799448069032,-0.6278000246511816,0.0,0.0,0.0,-0.1566977350958622,-0.1911820725857517,1.0740105505400435,-0.1753341897673556,0.08234983654090201,-0.015851354884892834,0.902585204626185,7.03443960045224e-08,7.034444198091669e-08,0.43051126395240574,0.7009025032575023,-0.003633787494333199,0.004548508471463506,0.71323333319924,-0.13559054679105897,-0.07865460994745421,-0.013870604259624258
4.818812400000752,-0.1312474800313922,-0.13422447936482776,0.6636081346752459,-0.1924759414976343,0.14844799448069032,-0.6278000246511816,0.0,0.0,0.0,-0.1842270714506882,-0.1665767568655397,1.0646246123788505,-0.2994923812607172,0.31410742220260973,-0.12340726458092097,0.902585204626185,7.03443960045224e-08,7.034444198091669e-08,0.43051126395240574,0.6910437757264714,-0.02399698379129684,0.02594989813610798,0.721948230543817,-0.3620154656955169,-0.6651562504215818,0.02004619191567175
4.926354300001549,-0.1333160170498742,-0.1326291102526497,0.6568611740884297,-0.1924759414976343,0.14844799448069032,-0.6278000246511816,0.0,0.0,0.0,-0.2015964396234987,-0.14926611064607886,1.0586993608437107,-0.15462962910338404,0.16871074710921774,-0.05826748268856031,0.902585204626185,7.03443960045224e-08,7.034444198091669e-08,0.43051126395240574,0.6800249893358524,-0.06140393664479359,0.06496374398950112,0.7277192332281471,-0.2407191458939933,-0.9972336510634812,0.04201137675016087
5.030753700000787,-0.1353252676289239,-0.13107946609167925,0.6503075884649854,-0.1924759414976343,0.14844799448069032,-0.6278000246511816,0.0,0.0,0.0,-0.21639575240217612,-0.13005551688385125,1.0513577792169881,-0.1331391197937225,0.1910538218072167,-0.0741975314890521,0.9238794699817858,6.252948014106398e-08,6.252952100970732e-08,0.38268358332461405,0.6678952765320729,-0.08465167178527538,0.09062669979713071,0.7338506628286061,-0.2673705952288694,-0.6540025989329452,0.036286378634891044
5.131290099998296,-0.13726034567910206,-0.1295870278499051,0.6439959318592234,-0.1924759414976343,0.14844799448069032,-0.6278000246511816,0.0,0.0,0.0,-0.23088609425005527,-0.10378154296976608,1.0405661515817468,-0.1281287142283089,0.2706522139159199,-0.11449321048651726,0.9238794699817858,6.252948014106398e-08,6.252952100970732e-08,0.38268358332461405,0.6470422234999597,-0.1229381667647123,0.13483753899234002,0.7402981873807669,-0.42524739543395973,-1.14607413849094,0.1023236091988071
5.2228050000012445,-0.13902183352717257,-0.12822847188538533,0.6382504755396604,-0.1924759414976343,0.14844799448069032,-0.6278000246511816,0.0,0.0,0.0,-0.2445255204927622,-0.07744457611338934,1.0302352312755159,-0.13375426442481214,0.2962537471724004,-0.11858644409138681,0.9238794699817858,6.252948014106398e-08,6.252952100970732e-08,0.38268358332461405,0.6256572457107512,-0.14949062154127168,0.16798002078961038,0.7469861294404088,-0.47598506017562436,-0.9178858308103512,0.09192902879197261
5.326428799999121,-0.14101642706321688,-0.12669013203924115,0.63174469688829,-0.1924759414976343,0.14844799448069032,-0.6278000246511816,0.0,0.0,0.0,-0.25344757787683303,-0.05042125379839013,1.0185085565263252,-0.07196989613722232,0.2656613449954722,-0.11854157638738683,0.9238794699817858,6.252948014106398e-08,6.252952100970732e-08,0.38268358332461405,0.6011279472597996,-0.1757438132441398,0.2038230737630476,0.7524728950144396,-0.4577865028366928,-0.8481283111126443,0.12102878163880984
5.417364100001578,-0.14276690528748778,-0.12534006729996394,0.6260351507299609,-0.1924759414976343,0.14844799448069032,-0.6278000246511816,0.0,0.0,0.0,-0.2609392934429209,-0.02459601511809785,1.0075467528446749,-0.06894945114660976,0.2879937491556874,-0.12511508110790898,0.9238794699817858,6.252948014106398e-08,6.252952100970732e-08,0.38268358332461405,0.5787420522059883,-0.19106417301987894,0.22802563719798036,0.759313128805953,-0.5015146844492471,-0.6224473021246341,0.08567562293204742
5.519936000000598,-0.1447060253324562,-0.1238445116502912,0.6197103103236198,-0.1924759414976343,0.14844799448069032,-0.6278000246511816,0.0,0.0,0.0,-0.26496156269865334,0.007630765924223112,0.9921982654662931,-0.020458445311358736,0.31713503636674073,-0.15675074182637583,0.9238794699817858,6.252948014106398e-08,6.252952100970732e-08,0.38268358332461405,0.5492758242285861,-0.2068292777532427,0.2576169112539288,0.7675618840315512,-0.5886584802271465,-0.6305279257678047,0.12129567807873601
5.629431500001374,-0.14662213207898073,-0.12236670511759275,0.6134605325418226,-0.1924759414976343,0.14844799448069032,-0.6278000246511816,0.0,0.0,0.0,-0.26945614060612216,0.033283535112050844,0.9798183330165319,-0.031115541948360977,0.23545248225956555,-0.11669402272318985,0.9238794699817858,6.252948014106398e-08,6.252952100970732e-08,0.38268358332461405,0.5268279023074985,-0.21394959167790778,0.2720271300092376,0.776324142423817,-0.4322816786419541,-0.2989843032525576,0.005093749842589007
5.7277305999996315,-0.148342151335393,-0.12104013200359291,0.6078503345961775,-0.1924759414976343,0.14844799448069032,-0.6278000246511816,0.0,0.0,0.0,-0.2718448354591195,0.060223301134124566,0.9607796212878136,-0.011137036604824756,0.2728267288368306,-0.20149050474216446,0.9238794699817858,6.252948014106398e-08,6.252952100970732e-08,0.38268358332461405,0.49816021786394193,-0.22226933721487593,0.2941362482730197,0.7848035464520291,-0.6061690074091464,-0.4625375593529535,0.09153262971523227
5.831214199999522,-0.15015277076727654,-0.11964368306904291,0.601944625471568,-0.1924759414976343,0.14844799448069032,-0.6278000246511816,0.0,0.0,0.0,-0.2774331222836074,0.08466313166146192,0.9403442171708515,-0.04483184994812256,0.23387459504892774,-0.20464164319274394,0.9238794699817858,6.252948014106398e-08,6.252952100970732e-08,0.38268358332461405,0.47107196108709226,-0.2269612827925744,0.30742021167506317,0.7950299346844555,-0.5475419207778188,-0.29421227553323226,-0.01936707417641431
5.9173755000010715,-0.15166025983890227,-0.1184810248809953,0.5970276386057592,-0.1924759414976343,0.14844799448069032,-0.6278000246511816,0.0,0.0,0.0,-0.2808985132037211,0.10297222823264071,0.9217379361029802,-0.033643416909435536,0.20949707683086272,-0.22183219975605695,0.9238794699817858,6.252948014106398e-08,6.252952100970732e-08,0.38268358332461405,0.44734017664230913,-0.231008511015744,0.32345186716547275,0.8011870716799454,-0.5666684780489658,-0.3741279427938112,0.0837574662966297
6.025136500000372,-0.1535459431381887,-0.117026682578125,0.5908770931788085,-0.1924759414976343,0.14844799448069032,-0.6278000246511816,0.0,0.0,0.0,-0.28601841087290714,0.12118511698780937,0.897965488955953,-0.04180687272468074,0.16456586663026762,-0.22703635668624,0.9238794699817858,6.252948014106398e-08,6.252952100970732e-08,0.38268358332461405,0.42142040159212474,-0.23385180054286261,0.33426630510565264,0.8099285263378542,-0.49085233688925617,-0.24328884156671293,-0.027665516212736642
6.124873699998716,-0.15529112949887056,-0.11568069921406147,0.585184807526212,-0.1924759414976343,0.14844799448069032,-0.6278000246511816,0.0,0.0,0.0,-0.28997332132499903,0.133504116696537,0.8806629825776502,-0.03692095201191023,0.12084099070170311,-0.17675309162236158,0.9426414438214109,5.4543175176316466e-08,5.454321082519069e-08,0.33380699272226133,0.4017261473178325,-0.23626412441039488,0.346721705239283,0.8139898188513934,-0.39844807281203554,-0.25332936498853936,0.06279449438401699
6.229773600000044,-0.15712649083817998,-0.11426516796455606,0.5791983975619494,-0.1924759414976343,0.14844799448069032,-0.6278000246511816,0.0,0.0,0.0,-0.2951390672817668,0.14881724435390342,0.8508526720858234,-0.04333789274723768,0.13865327257850826,-0.2917883511164203,0.9426414438214109,5.4543175176316466e-08,5.454321082519069e-08,0.33380699272226133,0.37302349888528114,-0.23861886981843286,0.35787506784835166,0.8220948485780059,-0.5446096670904438,-0.2709425996603258,-0.029114706412470936
6.3187365000012505,-0.15868317151112193,-0.11306457051769062,0.5741209621316153,-0.1924759414976343,0.14844799448069032,-0.6278000246511816,0.0,0.0,0.0,-0.30023756150749603,0.16000766450760717,0.8284156695927141,-0.05379693206172137,0.12046892485672502,-0.2565160851754463,0.9426414438214109,5.4543175176316466e-08,5.454321082519069e-08,0.33380699272226133,0.34996410159106145,-0.24088537607754376,0.3709105423195789,0.8257873411391926,-0.510028007628969,-0.31397491633639524,0.06892638006874806
6.427685899998323,-0.16058954947364734,-0.11159426735638585,0.5679029167875813,-0.1924759414976343,0.14844799448069032,-0.6278000246511816,0.0,0.0,0.0,-0.30462515469636686,0.17100887841657786,0.7984960360277945,-0.035705392985770676,0.09402424169375977,-0.28003414062425974,0.9426414438214109,5.4543175176316466e-08,5.454321082519069e-08,0.33380699272226133,0.3229180491265496,-0.24247190025274115,0.3805224843866208,0.8319458816607976,-0.48229249862401946,-0.24133771415261815,-0.026978390700497665
6.526775300000736,-0.16232340425075306,-0.11025702353058922,0.5622475914345064,-0.1924759414976343,0.14844799448069032,-0.6278000246511816,0.0,0.0,0.0,-0.3086541635852497,0.17837147630789008,0.7772282396043275,-0.038313426902468486,0.0702120031602721,-0.21727118799476802,0.9426414438214109,5.4543175176316466e-08,5.454321082519069e-08,0.33380699272226133,0.30241596747104676,-0.2441069494940686,0.39151633801061086,0.8340691439551112,-0.3999552982467729,-0.24518451251257972,0.05762697026444528
6.615984399999434,-0.1638615069125026,-0.10907075446409949,0.5572307520235702,-0.1924759414976343,0.14844799448069032,-0.6278000246511816,0.0,0.0,0.0,-0.31260575310303923,0.18622432915243886,0.7422047042969345,-0.037707425579974044,0.07678770244670874,-0.39900031491347593,0.9426414438214109,5.4543175176316466e-08,5.454321082519069e-08,0.33380699272226133,0.2726591293494418,-0.24551664755987218,0.40156183729887235,0.839122557066916,-0.633330274809249,-0.32819921828342113,-0.0299641776160529
6.725688099999388,-0.16562063115599793,-0.10771402144096238,0.5514930050883542,-0.1924759414976343,0.14844799448069032,-0.6278000246511816,0.0,0.0,0.0,-0.316511020730664,0.19166061510096988,0.7167700171918782,-0.03281874450763882,0.0444579931676536,-0.2342357761350722,0.9426414438214109,5.4543175176316466e-08,5.454321082519069e-08,0.33380699272226133,0.2494479581522882,-0.24703941260100018,0.4127155594034009,0.8404838557769834,-0.40079361084448445,-0.24247719292134645,0.04946001117174919
6.808177599999908,-0.1669437861642538,-0.10669353178477811,0.5471772618305892,-0.1924759414976343,0.14844799448069032,-0.6278000246511816,0.0,0.0,0.0,-0.3188912491946966,0.19510632121112892,0.6901251270715926,-0.024910567525952595,0.034860239779983565,-0.32566333824150695,0.9426414438214109,5.4543175176316466e-08,5.454321082519069e-08,0.33380699272226133,0.2274407623749205,-0.24777939281952652,0.41917137843154934,0.8433098052365433,-0.4959343375303891,-0.2585450768807541,-0.033612787834076646
6.918251600000076,-0.1687092781535354,-0.1053318876071145,0.5414187451777115,-0.1924759414976343,0.14844799448069032,-0.6278000246511816,0.0,0.0,0.0,-0.32179975419871676,0.19699011554631102,0.6538237389423881,-0.021040779838675725,0.007650825947884917,-0.33262737581767754,0.9426414438214109,5.4543175176316466e-08,5.454321082519069e-08,0.33380699272226133,0.1971319933025774,-0.24941724184880434,0.432052446095928,0.8439553901170445,-0.5117496244563259,-0.3070889002254248,0.049434175253012455
7.017893000000186,-0.1703076256391219,-0.10409915443084118,0.536205404834785,-0.1924759414976343,0.14844799448069032,-0.6278000246511816,0.0,0.0,0.0,-0.31938646309710206,0.1913833273815086,0.640754610305955,0.024643066245653326,-0.05675689831493543,-0.1324280661900307,0.9426414438214109,5.4543175176316466e-08,5.454321082519069e-08,0.33380699272226133,0.18834132444862012,-0.24950619876882343,0.4335024812276601,0.8451921681193776,-0.16005543264794309,-0.07797329405994649,-0.030684472371199444
7.128504799999064,-0.1720817774418071,-0.10273083133049071,0.5304186424124571,-0.1924759414976343,0.14844799448069032,-0.6278000246511816,0.0,0.0,0.0,-0.3038081987488258,0.16054140146815501,0.6258219787216918,0.13933064899171124,-0.27204484133026513,-0.14834047553882465,0.9426414438214109,5.4543175176316466e-08,5.454321082519069e-08,0.33380699272226133,0.1897961075685644,-0.2491817350194938,0.43537967642335934,0.8439967048762617,0.015281387485070764,0.004639376113298042,0.04573164324745503
7.230093199999828,-0.1737121465082278,-0.10147340135617632,0.5251008570719863,-0.1924759414976343,0.14844799448069032,-0.6278000246511816,0.0,0.0,0.0,-0.2895983470292385,0.1332974223812468,0.6213695505580805,0.13876419087646122,-0.26285600730882885,-0.05406991966909337,0.9588197008361099,4.640737103527913e-08,4.640740136667307e-08,0.28401545959427726,0.20196339784437434,-0.247896318400006,0.42994637301301863,0.8443366139093034,0.21539572561457979,0.14890259355174876,-0.0284441506921186
7.334324100000231,-0.17538296118581312,-0.1001847775099618,0.5196511500196973,-0.1924759414976343,0.14844799448069032,-0.6278000246511816,0.0,0.0,0.0,-0.26329611775388284,0.08171515176908856,0.617587244105915,0.25310547164161734,-0.4781003636971494,-0.06932433053453377,0.9588197008361099,4.640737103527913e-08,4.640740136667307e-08,0.28401545959427726,0.2325851649006611,-0.2446882051325292,0.42145091511424304,0.8416715211331085,0.5162309012738012,0.33294564483765193,0.04284132266172942
7.434477200000401,-0.17698952097827453,-0.09894571055256163,0.514411023542263,-0.1924759414976343,0.14844799448069032,-0.6278000246511816,0.0,0.0,0.0,-0.2416312665286605,0.04015019684158071,0.6114504209444461,0.21730922341346687,-0.4010798006263933,-0.08298426752259433,0.9588197008361099,4.640737103527913e-08,4.640740136667307e-08,0.28401545959427726,0.2628929258728415,-0.24022153131788487,0.40923895892333884,0.8400621405090511,0.5332141044231208,0.38926120701385225,-0.021585326123877452
7.5260463999984495,-0.17845810439207996,-0.09781305853999983,0.5096209355124782,-0.1924759414976343,0.14844799448069032,-0.6278000246511816,0.0,0.0,0.0,-0.21825507166749203,-0.006851028074478516,0.5977425978712587,0.26144987295696726,-0.48588838826272857,-0.17667698893141026,0.9588197008361099,4.640737103527913e-08,4.640740136667307e-08,0.28401545959427726,0.29761815118032187,-0.23345592197976686,0.3976457977389056,0.8359423354042869,0.6485904663994622,0.5024830472633922,0.047659573298070634
7.632980599999428,-0.18017329760591383,-0.09649020753452152,0.5040264787011594,-0.1924759414976343,0.14844799448069032,-0.6278000246511816,0.0,0.0,0.0,-0.2018136305918337,-0.040597635029215776,0.5789461999098047,0.1579830793993813,-0.29831442044978446,-0.18677462331259995,0.9588197008361099,4.640737103527913e-08,4.640740136667307e-08,0.28401545959427726,0.3243523080161953,-0.22631062960497864,0.38559723720165684,0.8336029329811734,0.4224079682483396,0.38504857811235793,-0.011315848638447479
7.714647799999511,-0.18148318781387066,-0.0954799484192883,0.4997540013284185,-0.1924759414976343,0.14844799448069032,-0.6278000246511816,0.0,0.0,0.0,-0.19262336429559382,-0.06441887420078077,0.5563179835687408,0.11911091946255192,-0.2776957114930641,-0.28214974312173646,0.9588197008361099,4.640737103527913e-08,4.640740136667307e-08,0.28401545959427726,0.3412276337784933,-0.22082140756680987,0.3801747134149582,0.8308241662265232,0.34293541219153073,0.3139551375270017,0.05769151018455815
7.813453599999775,-0.1830514347766184,-0.0942704304158489,0.49463884005573416,-0.1924759414976343,0.14844799448069032,-0.6278000246511816,0.0,0.0,0.0,-0.1888917782866024,-0.08280850075705855,0.5225002531075295,0.044150431212493416,-0.1823068682598657,-0.34660131183270776,0.9588197008361099,4.640737103527913e-08,4.640740136667307e-08,0.28401545959427726,0.35033517368056727,-0.2183539235949485,0.3756695940769354,0.8297344070357506,0.17715162253209887,0.14320482228216197,-0.000994349111632098
7.920699300000706,-0.18463921767730732,-0.09304584522642718,0.4894599582877731,-0.1924759414976343,0.14844799448069032,-0.6278000246511816,0.0,0.0,0.0,-0.18979639090535227,-0.08856816882535033,0.5015863968854817,-0.006460821619863243,-0.05545710472083795,-0.19627267325312622,0.9588197008361099,4.640737103527913e-08,4.640740136667307e-08,0.28401545959427726,0.3486864293217136,-0.21990550079045823,0.37902082384671054,0.8284941519525242,-0.01363029136354938,-0.06444797554537823,0.045689879557503865
8.024197800001275,-0.1861717200070224,-0.09186389544292145,0.4844613855160953,-0.1924759414976343,0.14844799448069032,-0.6278000246511816,0.0,0.0,0.0,-0.19159738806903892,-0.09181806737355919,0.47562269086602826,-0.01375235490939384,-0.03491996239669416,-0.2519639316711429,0.9588197008361099,4.640737103527913e-08,4.640740136667307e-08,0.28401545959427726,0.3488014288706005,-0.22170356065906158,0.37902545169682667,0.8279642512662837,0.022241252320482102,-0.03063579643397904,-0.006222811372574855
8.131922000000486,-0.18776689694504783,-0.09063360756668506,0.4792583865686779,-0.1924759414976343,0.14844799448069032,-0.6278000246511816,0.0,0.0,0.0,-0.19352799859414258,-0.08932675155713232,0.46323311222032343,-0.016258400444971514,0.02184621477102703,-0.11508713341187786,0.9588197008361099,4.640737103527913e-08,4.640740136667307e-08,0.28401545959427726,0.3459080494312475,-0.22386648636469994,0.3826834758774401,0.8269127976466164,-0.03761884402502294,-0.0813315680599352,0.03776061225647134
8.23082710000017,-0.18923124502447594,-0.08950422207610714,0.47448211295645515,-0.1924759414976343,0.14844799448069032,-0.6278000246511816,0.0,0.0,0.0,-0.19468987275705435,-0.0859931099697069,0.4581685284975171,-0.01075523515995782,0.03318336673393854,-0.05153649720669729,0.9588197008361099,4.640737103527913e-08,4.640740136667307e-08,0.28401545959427726,0.34735581487574085,-0.22508677664345253,0.38202033103485256,0.8262810342300567,0.04210846902627592,-0.00824091584992187,-0.00820928714097234
8.317056299998512,-0.19050762109938252,-0.08851981089698144,0.470318948848486,-0.1924759414976343,0.14844799448069032,-0.6278000246511816,0.0,0.0,0.0,-0.1946607524851819,-0.08364418660486855,0.45614392385221886,0.0007709324889748877,0.026967054220318542,-0.023747100696442595,0.9588197008361099,4.640737103527913e-08,4.640740136667307e-08,0.28401545959427726,0.34854015999803445,-0.22558286676049705,0.3835649380642077,0.824930339713882,0.031438597771086506,-0.019347980688038807,0.04400558077717123
8.424834199999168,-0.1921034717032158,-0.08728900345275466,0.46511375260094123,-0.1924759414976343,0.14844799448069032,-0.6278000246511816,0.0,0.0,0.0,-0.19531774092521792,-0.08256883707068985,0.45468925191600224,-0.00594083413119769,0.00987711494238646,-0.013621618481141866,0.9588197008361099,4.640737103527913e-08,4.640740136667307e-08,0.28401545959427726,0.3516348561932964,-0.22588021488691845,0.3819608629276548,0.8242796586257123,0.06054954216587727,0.024859331846225595,-0.009035074104767837
8.525803299999097,-0.1935983050105874,-0.0861361060836828,0.46023804512334554,-0.1924759414976343,0.14844799448069032,-0.6278000246511816,0.0,0.0,0.0,-0.1964558666777091,-0.08207457085476505,0.45312856486828645,-0.011179753824809166,0.0047543908406075565,-0.015579282183748173,0.9723698975110486,3.8144367410142765e-08,3.814439234092011e-08,0.2334454591855445,0.3530487842121955,-0.22592709267297634,0.3830507088547393,0.8231559142765779,0.026388043322722245,-0.0026559226473606944,0.03226068507065718
8.609995399998297,-0.1948451715625118,-0.08517445426591258,0.4561711324175593,-0.1924759414976343,0.14844799448069032,-0.6278000246511816,0.0,0.0,0.0,-0.20023789236005735,-0.0801215334378455,0.4505068108403985,-0.04467239116665047,0.022569527731970497,-0.03188776142362731,0.9723698975110486,3.8144367410142765e-08,3.814439234092011e-08,0.2334454591855445,0.35394696457881314,-0.22708603860019833,0.3826409129859153,0.8226417258124091,0.034817870574050065,-0.013681031936689715,-0.00808949946839236
8.710959100000764,-0.19633963916561079,-0.08402183894801772,0.45129661775995744,-0.1924759414976343,0.14844799448069032,-0.6278000246511816,0.0,0.0,0.0,-0.20425472721419713,-0.07747694201896985,0.4482312441496394,-0.03977138975259081,0.025832156220562327,-0.023263978698114238,0.9723698975110486,3.8144367410142765e-08,3.814439234092011e-08,0.2334454591855445,0.35210825264112683,-0.2286006723462106,0.3854506224857612,0.8216990499265604,-0.024373676601929316,-0.06275893108132395,0.03417347586257129
8.818753899999138,-0.1979359250611637,-0.08279069578296115,0.4460900017185923,-0.1924759414976343,0.14844799448069032,-0.6278000246511816,0.0,0.0,0.0,-0.20722494685115822,-0.07485866243004768,0.4469336904964295,-0.027429067458972188,0.024237954683126874,-0.012277564027773542,0.9723698975110486,3.8144367410142765e-08,3.814439234092011e-08,0.2334454591855445,0.3495608481281529,-0.23100800362434873,0.3867469636531692,0.8215042920292466,-0.025880595098210283,-0.06411086139752975,-0.005315247463558182
8.93091959999947,-0.19959695838285993,-0.081509615854463,0.44067219857814033,-0.1924759414976343,0.14844799448069032,-0.6278000246511816,0.0,0.0,0.0,-0.21077362244244174,-0.07117384322532609,0.4449346275149078,-0.03141004886094475,0.03279399952208098,-0.018138176878693835,0.9723698975110486,3.8144367410142765e-08,3.814439234092011e-08,0.2334454591855445,0.3430151983831954,-0.23459667216576455,0.3919685771668965,0.8207713503775852,-0.0884182364008857,-0.13284709656422847,0.03235914747135306
9.015304299999116,-0.20084620423355717,-0.08054612899108475,0.43659752529814105,-0.1924759414976343,0.14844799448069032,-0.6278000246511816,0.0,0.0,0.0,-0.2148016256680953,-0.06696205152457149,0.44284040898603144,-0.047404795441088936,0.04996579949943139,-0.025334250414874564,0.9723698975110486,3.8144367410142765e-08,3.814439234092011e-08,0.2334454591855445,0.3341370618132236,-0.23960586478865012,0.3965658839873494,0.8207782606398888,-0.15263005567336962,-0.21677730674138898,-0.00042943308232818583
9.122117999999318,-0.20240402825393153,-0.07934464973201973,0.4315163606040837,-0.1924759414976343,0.14844799448069032,-0.6278000246511816,0.0,0.0,0.0,-0.21903764466411524,-0.06279220487834451,0.4402635820489648,-0.039429235505126996,0.03895570799590139,-0.024732450570372006,0.9723698975110486,3.8144367410142765e-08,3.814439234092011e-08,0.2334454591855445,0.3209522347442094,-0.2457346460216452,0.404921248178078,0.8201481143861893,-0.19156917766023876,-0.2467570166028047,0.03597880231686525
9.250119399999676,-0.20416400489091224,-0.0779872592963124,0.4257758334115173,-0.1924759414976343,0.14844799448069032,-0.6278000246511816,0.0,0.0,0.0,-0.22148628240368787,-0.060399948385952404,0.4393137315000013,-0.01896652867480335,0.01859868793248456,-0.007726267440307385,0.9723698975110486,3.8144367410142765e-08,3.814439234092011e-08,0.2334454591855445,0.309809668394657,-0.25110288178805984,0.41024411196482885,0.8201616186612937,-0.12939941568647473,-0.16546825806336063,-0.0013824315120699003
9.339487900000677,-0.20539273418108908,-0.07703959592879132,0.42176807912981074,-0.1924759414976343,0.14844799448069032,-0.6278000246511816,0.0,0.0,0.0,-0.22453135278732334,-0.0575130923382617,0.4366213935386416,-0.033596535340957245,0.03191348281046775,-0.03153419755665942,0.9723698975110486,3.8144367410142765e-08,3.814439234092011e-08,0.2334454591855445,0.28988884222298694,-0.2595370188921049,0.4214991566606842,0.8191113818727875,-0.34491773917120716,-0.42030904171337136,0.04640695126740494
9.435839099998702,-0.2067173838567134,-0.07601795350321917,0.4174474607058123,-0.1924759414976343,0.14844799448069032,-0.6278000246511816,0.0,0.0,0.0,-0.22931398851616044,-0.0532964824105787,0.43299359406750093,-0.049005547895448184,0.04322308230534538,-0.03958940883086458,0.9723698975110486,3.8144367410142765e-08,3.814439234092011e-08,0.2334454591855445,0.26651988575794033,-0.26932492325635715,0.43232585249156275,0.818245435964036,-0.3660796005437786,-0.441496159615573,0.007620457257625699
9.55697230000078,-0.2083829867898928,-0.07473334923991348,0.4120147528339977,-0.1924759414976343,0.14844799448069032,-0.6278000246511816,0.0,0.0,0.0,-0.23126679601651948,-0.051510052722656186,0.43162620468507695,-0.015562098594570372,0.0142408627219552,-0.012398152346649182,0.9723698975110486,3.8144367410142765e-08,3.814439234092011e-08,0.2334454591855445,0.24646662176033354,-0.2769675843942184,0.44268036618631046,0.8164418258186152,-0.2543573290697289,-0.29870643460168195,0.030196851664978944
9.63225009999951,-0.20941758622027434,-0.07393540945930514,0.4086401931729628,-0.1924759414976343,0.14844799448069032,-0.6278000246511816,0.0,0.0,0.0,-0.23310384110153462,-0.04982504885311674,0.43074920443426,-0.024179549508942806,0.02218482589320429,-0.012246629445740813,0.9723698975110486,3.8144367410142765e-08,3.814439234092011e-08,0.2334454591855445,0.23445943552548146,-0.2813772138591669,0.4485421694874426,0.8152702366733522,-0.24503890711892592,-0.2844598791650533,0.02392094330145999
9.782935200000793,-0.21148998980550796,-0.07233705823894598,0.4018806209803371,-0.1924759414976343,0.14844799448069032,-0.6278000246511816,0.0,0.0,0.0,-0.23306932259924512,-0.04964103451659235,0.4299101382729129,0.00046304385856882823,0.0010034912215998453,-0.006138031055555866,0.9723698975110486,3.8144367410142765e-08,3.814439234092011e-08,0.2334454591855445,0.22122836943250146,-0.2868163027561039,0.45396443502252365,0.814070456880875,-0.12751346856631657,-0.15860412575250732,-0.00033776238932918534
9.898615599999175,-0.21308057524050067,-0.07111031158147989,0.3966925981680912,-0.1924759414976343,0.14844799448069032,-0.6278000246511816,0.0,0.0,0.0,-0.23406718857518524,-0.04877475296741847,0.4277586071228874,-0.008278309939726345,0.007168844526367068,-0.019319054575460456,0.9832548936681041,2.9776812638332627e-08,2.9776832100159782e-08,0.18223560046742604,0.2052120806553442,-0.29239657914844747,0.4615978141501218,0.8119850370710163,-0.2112247160642286,-0.24287801661939606,0.02313481302184145
9.985947599998326,-0.2142809569489958,-0.07018451142250473,0.3927773053771046,-0.1924759414976343,0.14844799448069032,-0.6278000246511816,0.0,0.0,0.0,-0.23537347064590208,-0.04759660385296026,0.426771960768418,-0.014804265902439037,0.01334870421601704,-0.011634150981075536,0.9832548936681041,2.9776812638332627e-08,2.9776832100159782e-08,0.18223560046742604,0.19533890469047302,-0.2957290319017689,0.4660530354377941,0.8106673918223102,-0.1725313533084893,-0.19644803673819888,0.015101306282621204
10.10154060000059,-0.21587200707589166,-0.06895740636917606,0.3875877668762693,-0.1924759414976343,0.14844799448069032,-0.6278000246511816,0.0,0.0,0.0,-0.24006970802107644,-0.04397855893447101,0.4168930364818818,-0.03828271731353672,0.029075234066251236,-0.08912608573728771,0.9832548936681041,2.9776812638332627e-08,2.9776832100159782e-08,0.18223560046742604,0.15516939157132228,-0.3097243939856324,0.4819070773023679,0.8048346591291332,-0.5097638834302523,-0.6015765613624703,0.017910763301802378
10.179772299998149,-0.21694669924492566,-0.06812854487128771,0.3840824364699739,-0.1924759414976343,0.14844799448069032,-0.6278000246511816,0.0,0.0,0.0,-0.24421365742652973,-0.04070932915035136,0.41356298374380884,-0.05186968592418542,0.040613818803617266,-0.04410450711542756,0.9832548936681041,2.9776812638332627e-08,2.9776832100159782e-08,0.18223560046742604,0.13289985508488972,-0.31682424526847613,0.49112226267898196,0.8004742027258298,-0.4258260979809194,-0.4912130973888993,0.03922058554895639
10.391098100000818,-0.21985185411548938,-0.06588793022181322,0.3746066740179803,-0.1924759414976343,0.14844799448069032,-0.6278000246511816,0.0,0.0,0.0,-0.24702821450359538,-0.038303222526509174,0.41220791743849666,-0.0132751151465648,0.011329094419577669,-0.006550124947215332,0.9832548936681041,2.9776812638332627e-08,2.9776832100159782e-08,0.18223560046742604,0.12383346340596056,-0.3194500219240375,0.4945495386281634,0.7987726276458696,-0.06454061956991866,-0.07141535265521384,0.0033877656452554836
10.520968699998775,-0.22161754453827995,-0.06452613300135258,0.36884751013324146,-0.1924759414976343,0.14844799448069032,-0.6278000246511816,0.005411268619387543,-0.004173466916925032,0.017649969893444677,-0.24328425199050546,-0.041766796544745605,0.41056249130843325,0.029345991401147915,-0.027229860073220882,-0.014838812506929974,0.9832548936681041,2.9776812638332627e-08,2.9776832100159782e-08,0.18223560046742604,0.1062356305464659,-0.3260667391077596,0.5016015963805267,0.7942230863923146,-0.1919010886696682,-0.24947708220477738,0.022547679316716987
10.542064000001119,-0.22188896769508565,-0.06431679658782519,0.3679622074652423,-0.1924759414976343,0.14844799448069032,-0.6278000246511816,0.010839731755501538,-0.008360195187472995,0.035356023253429326,-0.24219222577889205,-0.04250617923866699,0.4107421291713651,0.05005263598933225,-0.03422773049542093,0.006775014527635842,0.9832548936681041,2.9776812638332627e-08,2.9776832100159782e-08,0.18223560046742604,0.09944039085577697,-0.32812083430643385,0.5047254624756783,0.7922755418976485,-0.4677853821066613,-0.5402375753740556,0.09238245745694512
10.711972599998262,-0.2240683984441354,-0.06263590015324423,0.360853544079404,-0.1924759414976343,0.14844799448069032,-0.6278000246511816,0.054428346736496824,-0.04197812387909211,0.17752929097019507,-0.24176686600190123,-0.04276248720120947,0.410555536280433,0.0025621332381194763,-0.0015548467305778698,-0.0011548051764401473,0.9832548936681041,2.9776812638332627e-08,2.9776832100159782e-08,0.18223560046742604,0.09570454875786022,-0.3292176544870722,0.5063764645584141,0.7912264223737767,-0.03398555508179842,-0.03890919891339162,0.0060041185880726
10.922509799998807,-0.22677000487391316,-0.06055227321651575,0.35204169689468395,-0.1924759414976343,0.14844799448069032,-0.6278000246511816,0.1084604753320521,-0.08365066261366183,0.35376623466459617,-0.24516969912866643,-0.03958389624454345,0.39596671638296194,-0.014155940641177478,0.013294977492760169,-0.07157911557606578,0.9832548936681041,2.9776812638332627e-08,2.9776832100159782e-08,0.18223560046742604,0.046342797679203344,-0.34278635027086685,0.5231639241665778,0.7788769938968992,-0.3479433629016101,-0.3915299029254954,0.019358715185243257
11.00676939999903,-0.22785151692378383,-0.05971815185277131,0.3485141220389054,-0.1924759414976343,0.14844799448069032,-0.6278000246511816,0.13009071632946567,-0.1003330898885507,0.4243177317801676,-0.24644687477360008,-0.03861277279648334,0.4034665416622174,-0.01563039958438774,0.011912046699168453,0.08842389873135742,0.9832548936681041,2.9776812638332627e-08,2.9776832100159782e-08,0.18223560046742604,0.05966093778606122,-0.3392786950544869,0.5187970918807268,0.7824193997088217,0.23476933958111298,0.2653664135183017,-0.012464239278757977
11.290442599998642,-0.23149129728664045,-0.05691095376343035,0.3366422268620511,-0.1924759414976343,0.14844799448069032,-0.6278000246511816,0.20288632358659803,-0.1564770516753702,0.6617556353172552,-0.25622868881292166,-0.032362162122126954,0.3792485573738597,-0.03085647954859181,0.018227476170652117,-0.08735392290131484,0.9914448542645943,2.1327641624938194e-08,2.1327655564471607e-08,0.13052624621989484,-0.002042834227988126,-0.3560745592779258,0.5379584085406912,0.7640729583905679,-0.31232877573880446,-0.3704483136327179,0.019245797504305526
11.47045530000105,-0.23380150645572761,-0.055129193844172544,0.3291070026567956,-0.1924759414976343,0.14844799448069032,-0.6278000246511816,0.2490905069683417,-0.19211225006052624,0.8124601194223656,-0.2556448439524037,-0.03507985133910943,0.3749789706761695,0.004985666544644249,-0.01661341341739972,-0.024875805359616206,0.9914448542645943,2.1327641624938194e-08,2.1327655564471607e-08,0.13052624621989484,-0.03005737343115274,-0.36459221534109587,0.5475864776152101,0.7525411087429439,-0.22520330674241626,-0.2875213690333907,0.041001355330607635
11.488779999999679,-0.23403627321109735,-0.054948128856339734,0.32834126241070766,-0.1924759414976343,0.14844799448069032,-0.6278000246511816,0.2537858420757367,-0.19573354981718247,0.8277749243441245,-0.2603113700012518,-0.030004614299620425,0.3763707248706104,-0.2697128815124255,0.29455866207807785,0.07312373548902729,0.9914448542645943,2.1327641624938194e-08,2.1327655564471607e-08,0.13052624621989484,-0.029186407658999696,-0.3632460533179173,0.5460457394917455,0.7543437603240529,0.06170833794484419,0.2414999368989174,-0.2147472416068157
11.739597299998422,-0.23725846290394553,-0.05246299957723167,0.3178314254260904,-0.1924759414976343,0.14844799448069032,-0.6278000246511816,0.31822963593270026,-0.24543613539934392,1.03797166403647,-0.2623612216031723,-0.02769225713259834,0.37620088397026674,-0.008123899619338489,0.009194960346359016,-0.0007764148290008543,0.9914448542645943,2.1327641624938194e-08,2.1327655564471607e-08,0.13052624621989484,-0.027909862290662855,-0.36238110321256134,0.5450575769276255,0.7555218153403308,0.007040942605279847,0.013907965769441267,-0.0075526500432114745
11.985413099999278,-0.2404094993739509,-0.0500327475630413,0.30755366936913164,-0.1924759414976343,0.14844799448069032,-0.6278000246511816,0.38125036533280815,-0.29404117568315147,1.2435267851756462,-0.2545700404294728,-0.03393579761191843,0.3770682733106884,0.03177131082791226,-0.02593311522717429,0.0018643344675346829,0.9914448542645943,2.1327641624938194e-08,2.1327655564471607e-08,0.13052624621989484,-0.036451750173003776,-0.3670808357467062,0.5505965693224861,0.7488433399497744,-0.05034492024131112,-0.08513221310643251,0.03943382205104429
12.266639900000882,-0.24348272596090167,-0.04766250679493374,0.2975297063115457,-0.18605782882246152,0.14349799424914342,-0.6068660249817369,0.3849518829952686,-0.29689598896138064,1.2556000493023631,-0.25795279244733393,-0.031114165190394866,0.375063682917732,-0.012008241922788186,0.00994363142613964,-0.0073413217460034045,0.9914448542645943,2.1327641624938194e-08,2.1327655564471607e-08,0.13052624621989484,-0.038644394121913034,-0.36619217929510056,0.5494450687551463,0.7500133432457771,-0.011778541646344766,-0.0012476934403221167,-0.016742600862862642
12.503740500000276,-0.24605018227334086,-0.04568234378062232,0.2891554174331616,-0.1803523703503745,0.13909763199511804,-0.5882564941408833,0.3849518829952686,-0.29689598896138064,1.2556000493023631,-0.2618663627316477,-0.026787984336562806,0.3648683583597929,-0.015578602005763295,0.017591897727912784,-0.043281386355960585,0.9914448542645943,2.1327641624938194e-08,2.1327655564471607e-08,0.13052624621989484,-0.06738121870871937,-0.3735233836104553,0.5580797010779777,0.7378936918731853,-0.1800786753081996,-0.21250081827001005,0.024579210053749544
12.767687200001092,-0.24890786644158433,-0.043478341138348295,0.27983449047829534,-0.17400196108761115,0.1341998483456202,-0.5675433231300695,0.3849518829952686,-0.29689598896138064,1.2556000493023631,-0.2857075472353873,-0.01081958310139548,0.32833218036326506,-0.08173394116205733,0.04988740961453116,-0.14791707479360117,0.9914448542645943,2.1327641624938194e-08,2.1327655564471607e-08,0.13052624621989484,-0.14615677985768383,-0.39148750151450107,0.5769137961500729,0.7018163603616535,-0.4296422828965107,-0.533025247545145,0.04714859818215678
13.049009599999408,-0.25195346980370653,-0.04112940491508402,0.2699006262719912,-0.16723395361622848,0.1289799900716996,-0.5454680693382825,0.3849518829952686,-0.29689598896138064,1.2556000493023631,-0.2938932268223931,-0.004940372689271593,0.31657546811463466,-0.028388848275954125,0.020008979007233096,-0.04309243606841275,0.9964928563326516,1.3672742816543027e-08,1.3672751752911112e-08,0.083677878068179,-0.1735576263600484,-0.39644062435441696,0.5807204706923991,0.6895479074092998,-0.13908152933562548,-0.16847658820408937,-0.0016312790892786984
13.31468870000026,-0.2548313989523615,-0.03890978823441644,0.26051366613343213,-0.16083855550810638,0.12404750855910497,-0.5246081579192622,0.3849518829952686,-0.29689598896138064,1.2556000493023631,-0.2968964386458966,-0.0034293029327590006,0.313025714771503,-0.011230930696376831,0.00558221962024026,-0.01351436935665696,0.9964928563326516,1.3672742816543027e-08,1.3672751752911112e-08,0.083677878068179,-0.18417538765191552,-0.3993439806637787,0.5844939529844871,0.681887549831673,-0.06374873675426004,-0.07939697749593053,0.02521939173183005
13.502862800000003,-0.2568669359706925,-0.03733987053087762,0.25387434186078117,-0.1563151399118153,0.12055880255124093,-0.5098541039800379,0.3849518829952686,-0.29689598896138064,1.2556000493023631,-0.2934811460131823,-0.004992453008430559,0.3215361343182726,0.01876111391488045,-0.008971031966169008,0.0449775484108884,0.9964928563326516,1.3672742816543027e-08,1.3672751752911112e-08,0.083677878068179,-0.17353997168412053,-0.3967964544403243,0.5822382911757918,0.6880661481719298,0.08342906210395125,0.10620298395540859,-0.014501430697201044
13.779059799999231,-0.2593390278983946,-0.035433257756398516,0.24581110361357175,-0.14991898775086868,0.11562573947178312,-0.48899173306203747,0.3849518829952686,-0.29689598896138064,1.2556000493023631,-0.28050215290195585,-0.00874437033218638,0.3440166548062924,0.04875999141825896,-0.018515256598466777,0.07705613269398102,0.9964928563326516,1.3672742816543027e-08,1.3672751752911112e-08,0.083677878068179,-0.14210133724252166,-0.3969943032283803,0.5788397246339444,0.6979593873169121,0.1886216886269897,0.14302740060988187,0.02829503593768136
13.894848100000672,-0.26025491062659867,-0.03472687880262642,0.2428237629887115,-0.1473021799559999,0.11360751388957713,-0.48045647413386533,0.3849518829952686,-0.29689598896138064,1.2556000493023631,-0.2836252119018237,-0.0012205990771597397,0.33351284944227544,-0.02482765034762489,0.064747874662665,-0.0912418429302094,0.9964928563326516,1.3672742816543027e-08,1.3672751752911112e-08,0.083677878068179,-0.1596818211895493,-0.4028461045490433,0.5843974159716978,0.6860731682822557,-0.22835191924274373,-0.31328610807370294,0.07813893526984969
14.028555900000356,-0.2613143182487466,-0.03390980558494663,0.2393682862879608,-0.1442753010355772,0.11127301898192059,-0.4705836835602919,0.3849518829952686,-0.29689598896138064,1.2556000493023631,-0.28749701813105605,0.0028196249417805734,0.32683532946494137,-0.028426014850222017,0.02971025643534116,-0.05066302106070505,0.9964928563326516,1.3672742816543027e-08,1.3672751752911112e-08,0.083677878068179,-0.17337492659102777,-0.4036025984985085,0.5870152651083418,0.6800434955534763,-0.1645069650121379,-0.15784337189996853,-0.001198900025504256
14.117527300000802,-0.26201942442292375,-0.03336598906097947,0.23706843691413373,-0.14226071196649964,0.10971925748487156,-0.4640126853493574,0.3849518829952686,-0.29689598896138064,1.2556000493023631,-0.28648373244078496,0.001632251499133288,0.3303204595798546,0.011596900823942251,-0.013539890959602252,0.03908084492120965,0.9964928563326516,1.3672742816543027e-08,1.3672751752911112e-08,0.083677878068179,-0.16941948979658678,-0.4034981561347477,0.5863152412655929,0.6817042704374036,0.07182987051323739,0.06610783989428985,0.002844978226003901
14.217721599998185,-0.26281341802487834,-0.032753617681348594,0.23447866284158508,-0.139992158818058,0.1079696249716405,-0.45661333085636124,0.3849518829952686,-0.29689598896138064,1.2556000493023631,-0.29550436343357167,0.003148021226181557,0.3117557793466054,-0.08584943277273892,0.006938526111595179,-0.19068321324469859,0.9964928563326516,1.3672742816543027e-08,1.3672751752911112e-08,0.083677878068179,-0.19313801044664267,-0.4069774695365058,0.5929220158501389,0.6674657529271315,-0.3731542481665406,-0.43024653879336,0.07764047329380713
14.297812500000873,-0.26344821330371637,-0.032264028773165636,0.2324081469703438,-0.13817845802137793,0.10657079951968919,-0.45069757122424325,0.3849518829952686,-0.29689598896138064,1.2556000493023631,-0.2990745336593572,0.004857352067447217,0.3075757335140693,-0.044411382744273115,0.020749439600469592,-0.05308028722084622,0.9964928563326516,1.3672742816543027e-08,1.3672751752911112e-08,0.083677878068179,-0.20339253162330306,-0.40854531520426496,0.5948577375816553,0.6617147992479433,-0.19371570299252044,-0.2280684214191355,0.02090832391745974
14.40220380000028,-0.26427562389931153,-0.03162588437666354,0.2297093764732648,-0.13581442774824878,0.10474752981539748,-0.4429867983754462,0.3849518829952686,-0.29689598896138064,1.2556000493023631,-0.30306183489170513,0.007015805401929923,0.29927070035148406,-0.03723126747372386,0.01956908413349046,-0.08040362344996627,0.9964928563326516,1.3672742816543027e-08,1.3672751752911112e-08,0.083677878068179,-0.21800360737580413,-0.41156789096824686,0.5998005390728884,0.6506347759096174,-0.23311291664685496,-0.2724296110686326,0.08663315907958952
14.500567300001421,-0.2650550393734292,-0.03102475644815614,0.2271671519746742,-0.1335875263936269,0.10303002144823349,-0.4357232998080444,0.3849518829952686,-0.29689598896138064,1.2556000493023631,-0.30432840356001556,0.00918343165982885,0.29798162089132174,-0.012764147350334105,0.022057929008706092,-0.013170160462466982,0.9988898740383211,7.697072012528996e-09,7.69707704325835e-09,0.047106470295565805,-0.22382843987215337,-0.41234152055525347,0.6009693871355091,0.6470788944607526,-0.09358000183385976,-0.10547102825405603,0.013455566532587782
14.60101719999875,-0.2658512933222621,-0.030410641765137313,0.224570005314077,-0.13131251511124725,0.1012754080681797,-0.4283028807777668,0.3849518829952686,-0.29689598896138064,1.2556000493023631,-0.3055871304516726,0.011658067520445254,0.2945895842973829,-0.012196494137022725,0.024619981092382497,-0.03384553766989312,0.9988898740383211,7.697072012528996e-09,7.69707704325835e-09,0.047106470295565805,-0.23229989521120295,-0.4147453545950989,0.6053392703186394,0.6384257336110029,-0.15660778291667998,-0.18367731016038236,0.10044694509596633
14.684333199998946,-0.26651147629102456,-0.029901472479144736,0.22241668225022557,-0.12942627805764015,0.09982063867962948,-0.42215052916676266,0.3849518829952686,-0.29689598896138064,1.2556000493023631,-0.306433064357295,0.01361580488192081,0.29287303839138723,-0.010010238342731464,0.023509545704924115,-0.020645518954406236,0.9988898740383211,7.697072012528996e-09,7.69707704325835e-09,0.047106470295565805,-0.23756272925181413,-0.41546668712846735,0.6067689134478667,0.6346517684763989,-0.10608202966787043,-0.11684718257525406,0.028256810038519944
14.805688100001134,-0.267473276872367,-0.02915967916056314,0.219279571066469,-0.12667827639666177,0.09770122919796778,-0.4131873543560296,0.3849518829952686,-0.29689598896138064,1.2556000493023631,-0.3071505848093592,0.015115089528891294,0.2907529077515126,-0.005783081529389072,0.012355244080389243,-0.017489586319846963,0.9988898740383211,7.697072012528996e-09,7.69707704325835e-09,0.047106470295565805,-0.24349308732317185,-0.4174249245831403,0.6108794198612666,0.6271314719837875,-0.10080179352516495,-0.1152321142594245,0.08479744882273207
14.899918800001615,-0.268220227203025,-0.02858359012990249,0.2168432383365103,-0.12454413259478178,0.09605526053893736,-0.4062264036990048,0.3849518829952686,-0.29689598896138064,1.2556000493023631,-0.3078134553202596,0.016021262825437,0.2893805614011097,-0.006985571582454692,0.009592244735364545,-0.014579108508140792,0.9988898740383211,7.697072012528996e-09,7.69707704325835e-09,0.047106470295565805,-0.2468935700907177,-0.417794060076236,0.6119118996545099,0.6245442462100532,-0.06309439210280843,-0.06646087005764865,0.019037879622794324
15.00133740000092,-0.2690238859277564,-0.02796376447790147,0.21422193947041962,-0.12224796480983499,0.09428433010464873,-0.39873697836731703,0.3849518829952686,-0.29689598896138064,1.2556000493023631,-0.3090431202991154,0.017390241869078383,0.2855309410725817,-0.011837195886110803,0.013372287278701529,-0.03803584501699333,0.9988898740383211,7.697072012528996e-09,7.69707704325835e-09,0.047106470295565805,-0.2550368083629689,-0.4197684350316753,0.6170124002420075,0.6148547676310928,-0.16700540250446078,-0.17750674370633907,0.12183737738514591
15.107846200000495,-0.26986812548744726,-0.02731264066199893,0.21146827783218336,-0.11983585178214674,0.09242397634492719,-0.390869373686642,0.3849518829952686,-0.29689598896138064,1.2556000493023631,-0.3102226067715017,0.0184051867306929,0.2830713438533442,-0.010977743412686184,0.009431306157936399,-0.023154708524005665,0.9988898740383211,7.697072012528996e-09,7.69707704325835e-09,0.047106470295565805,-0.2600893594637345,-0.41994075515590507,0.6181260464003361,0.6114928274430715,-0.08116828418401001,-0.08158131865723493,0.01279109389474645
15.192449599999236,-0.27053853549552603,-0.026795583722805827,0.2092815971679746,-0.11792039461620739,0.09094667080437546,-0.38462171464604555,0.3849518829952686,-0.29689598896138064,1.2556000493023631,-0.3113022768615204,0.019544120920715273,0.27977779135159037,-0.012509349167021606,0.01336513632176679,-0.03903685397881959,0.9988898740383211,7.697072012528996e-09,7.69707704325835e-09,0.047106470295565805,-0.2676326490319778,-0.42151869310305184,0.623079253338358,0.6020523238026206,-0.19471042848388187,-0.19645495598226861,0.1439882297137083
15.316644999998971,-0.27147989144590723,-0.026069558424063402,0.20621117036940195,-0.11512890270173344,0.0887937192557903,-0.37551668739388966,0.3849518829952686,-0.29689598896138064,1.2556000493023631,-0.3127314052322201,0.02085793191623445,0.2761309091018833,-0.01133291155362616,0.010411136105563414,-0.02944721615941545,0.9988898740383211,7.697072012528996e-09,7.69707704325835e-09,0.047106470295565805,-0.2745374715362322,-0.4216407140439569,0.6246958442101278,0.5971627811657307,-0.09779650998068054,-0.09650388279503516,0.018355321407663095
15.41514140000072,-0.27200667564226366,-0.025663273582099397,0.204492954945255,-0.11302176591630758,0.08716857988793428,-0.36864382569730186,0.3849518829952686,-0.29689598896138064,1.2556000493023631,-0.3135033357215459,0.021806955295281167,0.2739652288731523,-0.007708412659718512,0.009602258526520848,-0.022005124690953625,0.9988898740383211,7.697072012528996e-09,7.69707704325835e-09,0.047106470295565805,-0.2805712134045576,-0.4227213739936903,0.6289141352570472,0.589112421063638,-0.14111278780440917,-0.1350096373254462,0.10717792749051044
15.496425000001182,-0.27244107887187524,-0.025328238004509725,0.20307605911850013,-0.1112841529978612,0.08582843757757558,-0.36297624239028237,0.3849518829952686,-0.29689598896138064,1.2556000493023631,-0.3150597327102809,0.02341050577190345,0.2690303965041638,-0.018701182512076694,0.019344219672140537,-0.060979066303347124,0.9988898740383211,7.697072012528996e-09,7.69707704325835e-09,0.047106470295565805,-0.2896391657803635,-0.4228612178993264,0.631609887452594,0.5816927832755662,-0.20950680097640284,-0.20071181851375675,0.06048035051002751
15.58700029999818,-0.2729253809546508,-0.024954717696717237,0.2014964078792889,-0.10934694466675918,0.08433435634640563,-0.3566576374334376,0.3849518829952686,-0.29689598896138064,1.2556000493023631,-0.3158385684817966,0.02442336373702092,0.26701117819815157,-0.008472537880340372,0.011150328424986932,-0.022315960737199166,0.9988898740383211,7.697072012528996e-09,7.69707704325835e-09,0.047106470295565805,-0.29570272625746835,-0.42350132287028575,0.6354821273690401,0.5739067807628152,-0.1555645145234108,-0.1406162271919723,0.10537021781852134
15.700225199998386,-0.2735306985430718,-0.024487863598870934,0.19952203958174658,-0.1069256743130749,0.08246693995502043,-0.3487601642432682,0.3849518829952686,-0.29689598896138064,1.2556000493023631,-0.3163779765871539,0.025146898087813927,0.26559082903329834,-0.004727996804233019,0.0063740431479223664,-0.012562236940454576,0.9988898740383211,7.697072012528996e-09,7.69707704325835e-09,0.047106470295565805,-0.2993909500679848,-0.4235691137129175,0.6370845805468726,0.5701556823844333,-0.06838021449689383,-0.061724789883911044,0.031068044701931877
15.793136000000231,-0.2740275104927404,-0.024104694996143296,0.19790158482868986,-0.10493842651440076,0.08093426554410987,-0.3422783452310414,0.3849518829952686,-0.29689598896138064,1.2556000493023631,-0.31666198574866133,0.025744139345991204,0.2642416326072256,-0.002990834192226157,0.006416901975741322,-0.014514032253238262,0.9988898740383211,7.697072012528996e-09,7.69707704325835e-09,0.047106470295565805,-0.3037175973244214,-0.4240674759116206,0.6406816288940779,0.5634265234678422,-0.12271322168518375,-0.10369775408051606,0.09971401405660624
15.904198399999586,-0.27462124370275975,-0.0236467754057874,0.19596500137318829,-0.10256349367432316,0.07910258718268627,-0.33453201140903516,0.3849518829952686,-0.29689598896138064,1.2556000493023631,-0.31733526735836337,0.026605325581324973,0.26170716299371544,-0.0059659441022419275,0.007691202887039796,-0.02285751304018175,0.9988898740383211,7.697072012528996e-09,7.69707704325835e-09,0.047106470295565805,-0.3091395689745079,-0.42401048420669146,0.6431571385489807,0.5576708090895109,-0.10645411098134247,-0.09232022400671525,0.04970961226628309
16.00314829999843,-0.2751502964419506,-0.02323874093926497,0.19423938662818993,-0.10044728271755997,0.07747044931659655,-0.32762955242904174,0.3849518829952686,-0.29689598896138064,1.2556000493023631,-0.3178039669405397,0.0272301526212331,0.2600153875954009,-0.004667661631657737,0.0062928934559786515,-0.017109123706648844,0.9988898740383211,7.697072012528996e-09,7.69707704325835e-09,0.047106470295565805,-0.31399306060255716,-0.42416513633242015,0.6465132147161325,0.5509201014765666,-0.12405133404025023,-0.10176252582505496,0.08469244058112194
16.09004780000032,-0.2756149665133586,-0.022880361914546357,0.19272376924757198,-0.09858860243192791,0.07603693321772209,-0.32156708290656993,0.3849518829952686,-0.29689598896138064,1.2556000493023631,-0.3185299784856588,0.02804540898565691,0.2572008397907512,-0.008181070355149167,0.009246501430942224,-0.03233992330230813,0.9988898740383211,7.697072012528996e-09,7.69707704325835e-09,0.047106470295565805,-0.3200992498686563,-0.42389535130764144,0.6494855991289418,0.5440750480378733,-0.16002316956463494,-0.13226647277038597,0.07755071621082398
16.200888200000918,-0.27620759298670927,-0.022423295900162662,0.19079079564222884,-0.09621809653852517,0.07420866916018731,-0.3138351884851973,0.3849518829952686,-0.29689598896138064,1.2556000493023631,-0.31910191842773133,0.028710896463693684,0.2551556303470522,-0.005088795862287237,0.005970200170164978,-0.018482577845987468,0.9997806832923422,3.4219371565955997e-09,3.421939393139497e-09,0.020942428595974564,-0.32548626030889133,-0.4237138059357847,0.6527214152915336,0.5371033969631565,-0.12050703223718656,-0.09602730012196267,0.07105689017875516
16.304648099998303,-0.2767622926104333,-0.021995481150743516,0.18898152828788667,-0.09399929804362908,0.07249741016251074,-0.30659811906782863,0.3849518829952686,-0.29689598896138064,1.2556000493023631,-0.31959269432359266,0.029295224596311016,0.25340575387189207,-0.004673098478406583,0.0055969159950458,-0.016872527199812158,0.9997806832923422,3.4219371565955997e-09,3.421939393139497e-09,0.020942428595974564,-0.33000106197324897,-0.42336107279863666,0.6552035335119197,0.5315759878030704,-0.10634784168274779,-0.08264041862778941,0.0559934812116636
16.402223799999774,-0.27728409969972756,-0.021593034926509845,0.18727954672607083,-0.09191206968645194,0.07088762526557606,-0.2997901928205653,0.3849518829952686,-0.29689598896138064,1.2556000493023631,-0.32017934658684444,0.030000358548423107,0.25059124302329344,-0.00586050009483519,0.007127514650196873,-0.028825391707906135,0.9997806832923422,3.4219371565955997e-09,3.421939393139497e-09,0.020942428595974564,-0.3366775301458964,-0.4228802602198873,0.6591419729555664,0.5228311254118894,-0.17296214937439613,-0.13345674383706188,0.09866359447995077
16.493916700001137,-0.27777424289268504,-0.021215009634430456,0.1856808434999583,-0.08995149691462204,0.06937552409725849,-0.29339537991611525,0.3849518829952686,-0.29689598896138064,1.2556000493023631,-0.32083921802965515,0.030721960932086883,0.24815068946877,-0.0070892222071101295,0.007789847862159865,-0.02665329682654404,0.9997806832923422,3.4219371565955997e-09,3.421939393139497e-09,0.020942428595974564,-0.3424245671102419,-0.422176517417603,0.661846989497808,0.5162082588192447,-0.14966186900358497,-0.11571161299984056,0.06769631393538825
16.61247210000147,-0.2784082051784394,-0.020726063176164752,0.18361304460765165,-0.08741564777160471,0.06741973826419567,-0.28512418434688863,0.3849518829952686,-0.29689598896138064,1.2556000493023631,-0.32133008425160414,0.031334686585443625,0.24590305478389268,-0.004057333189585396,0.005123407722407767,-0.0189676753082866,0.9997806832923422,3.4219371565955997e-09,3.421939393139497e-09,0.020942428595974564,-0.3484606292966888,-0.42148093612285575,0.6655662570567362,0.5078883418455709,-0.1353030880396353,-0.09910795393995038,0.0779793532042076
16.70371769999838,-0.2788959199666081,-0.02034991080294405,0.1820222621251623,-0.08546478861892973,0.06591512877131286,-0.2787610544169312,0.3849518829952686,-0.29689598896138064,1.2556000493023631,-0.32182425166259454,0.03191603762607048,0.24396906012691855,-0.005347563212093412,0.00632509957500625,-0.021224764521263484,0.9997806832923422,3.4219371565955997e-09,3.421939393139497e-09,0.020942428595974564,-0.3533501470212975,-0.4206794230435336,0.6680108655837463,0.5019302542085314,-0.13458619697379448,-0.09875244957065828,0.06269763599942223
16.800834199999372,-0.27941532271059505,-0.01994931894157848,0.18032812283200342,-0.08338717764298198,0.06431276132585056,-0.27198449724429574,0.3849518829952686,-0.29689598896138064,1.2556000493023631,-0.32238957389974243,0.03260151672443018,0.24069617400569052,-0.0056249028905790656,0.006917288169673868,-0.03365886885881873,0.9997806832923422,3.4219371565955997e-09,3.421939393139497e-09,0.020942428595974564,-0.3611984628475547,-0.4193636646140523,0.6724958980222229,0.4913441303010757,-0.2155827778070876,-0.15315179531594691,0.11369898497616981
16.909931700000016,-0.2799984521002011,-0.019499577598654214,0.17842612592620327,-0.08105466008455803,0.06251379595415352,-0.26437650962109516,0.3849518829952686,-0.29689598896138064,1.2556000493023631,-0.3229407073653454,0.033205920722923485,0.23889028631051082,-0.0050071547384655905,0.005507424176002561,-0.016592784471869248,0.9997806832923422,3.4219371565955997e-09,3.421939393139497e-09,0.020942428595974564,-0.36588941967982325,-0.41836981506418297,0.6745051967414357,0.48593659049131155,-0.10605957688870185,-0.07715133598536453,0.042049933875913506
16.992756499999814,-0.2804413296178021,-0.01915800618574458,0.17698158945944287,-0.07928315001415392,0.061147510302514974,-0.2585983637540535,0.3849518829952686,-0.29689598896138064,1.2556000493023631,-0.323291528627013,0.03367984559782104,0.23655210301952817,-0.004098307143002614,0.0056340496024616105,-0.028146186959478417,0.9997806832923422,3.4219371565955997e-09,3.421939393139497e-09,0.020942428595974564,-0.3724266365082013,-0.4169539027829318,0.6787350974343705,0.47620007442673185,-0.22849529378922795,-0.15051732273839463,0.12870247643056454
17.096356999998534,-0.28099526201104963,-0.01873078316651596,0.17517482458571348,-0.07706742044116364,0.059438618225600495,-0.25137130425913606,0.3849518829952686,-0.29689598896138064,1.2556000493023631,-0.3238938902199753,0.0343152110775358,0.2337435854545047,-0.005708254892767363,0.006038818130249816,-0.02718045031000145,0.9997806832923422,3.4219371565955997e-09,3.421939393139497e-09,0.020942428595974564,-0.3786280629101913,-0.4153900748989378,0.6812541550300558,0.4690252145744574,-0.14992289275072257,-0.1065561267675033,0.05588974883563497
17.212757400000555,-0.28135776643238425,-0.01845119989019173,0.1739924415674556,-0.07470208686033984,0.05761434333898855,-0.24365628040319248,0.3849518829952686,-0.29689598896138064,1.2556000493023631,-0.3242009298598098,0.03471872108348251,0.2321830289426497,-0.002585201420014611,0.003438111055352344,-0.013379099963328466,0.9997806832923422,3.4219371565955997e-09,3.421939393139497e-09,0.020942428595974564,-0.3838690996299728,-0.4139838136870207,0.6846751063442637,0.4609576066265696,-0.13557147982895337,-0.08522067628645306,0.07499943617106425
17.312066599999525,-0.281659157620566,-0.018218750488507504,0.1730093919774762,-0.0726928122724615,0.056064680661093706,-0.23710261646999634,0.3849518829952686,-0.29689598896138064,1.2556000493023631,-0.3246796152480105,0.03523086298819275,0.22938921908992896,-0.004704163275674238,0.005054821394482773,-0.028164633681614128,0.9997806832923422,3.4219371565955997e-09,3.421939393139497e-09,0.020942428595974564,-0.3902203606058717,-0.41207529217722205,0.6875738901571952,0.45295051531020686,-0.17183713755805638,-0.11416825491308247,0.06937306620070424
17.404899599998316,-0.28194121500563246,-0.01800121237535013,0.17208940357830294,-0.07081242970535175,0.054614426573377894,-0.230969360475508,0.3849518829952686,-0.29689598896138064,1.2556000493023631,-0.32504144016135916,0.035714541755470106,0.22703499081511674,-0.003795712886567962,0.00515087670868454,-0.025411025614176765,0.9997806832923422,3.4219371565955997e-09,3.421939393139497e-09,0.020942428595974564,-0.3970577733258417,-0.4098628134495213,0.6915887262423354,0.44278960300268067,-0.22155105239902695,-0.1364697872181452,0.11008174168795837
17.500285400001303,-0.2822311384772094,-0.017777607505185058,0.17114375831382606,-0.06887960656150537,0.05312372743894407,-0.22466505871232872,0.3849518829952686,-0.29689598896138064,1.2556000493023631,-0.3253369250764071,0.03611997371160113,0.2257178603231552,-0.003059677802633905,0.004228165652792672,-0.013807659883036802,0.9997806832923422,3.4219371565955997e-09,3.421939393139497e-09,0.020942428595974564,-0.40157179468129833,-0.40816745930830595,0.6941596582378642,0.43621300731791035,-0.14349244975773873,-0.08479586655521425,0.0660854620325108
17.60410110000157,-0.28254664230533694,-0.017534273662149463,0.1701146774347571,-0.06677624770732181,0.0515015018187068,-0.21780451951853574,0.3849518829952686,-0.29689598896138064,1.2556000493023631,-0.3253857773384209,0.03633555192740696,0.22481325131831095,-0.00044302052970673217,0.0020710547626218503,-0.008706022159474799,0.9997806832923422,3.4219371565955997e-09,3.421939393139497e-09,0.020942428595974564,-0.40605526566495825,-0.4063283412126908,0.6976801025995992,0.4280874616123626,-0.15286358698053104,-0.08132778017730703,0.08837145792193084
17.707652599998255,-0.2828613283133056,-0.017291570566839956,0.16908826404499555,-0.06467834098753049,0.049883481183310076,-0.21096176358679214,0.3849518829952686,-0.29689598896138064,1.2556000493023631,-0.3254944984269658,0.036574129628834134,0.22389260318655252,-0.001030970983234974,0.0022959366269438195,-0.00888934743612271,0.9997806832923422,3.4219371565955997e-09,3.421939393139497e-09,0.020942428595974564,-0.4097990291931666,-0.4046201281837707,0.7002083124843244,0.42196638096979033,-0.12193833699877141,-0.06459294140503198,0.0604355906727696
17.795330100001593,-0.2831277969705657,-0.01708605533488713,0.16821912150024426,-0.06290188327246315,0.048513379636957926,-0.20516747995511678,0.3849518829952686,-0.29689598896138064,1.2556000493023631,-0.3255285435879008,0.036739198884029295,0.22270260258996888,-0.00034914451518149877,0.0018691522006056005,-0.013568024596925396,0.9997806832923422,3.4219371565955997e-09,3.421939393139497e-09,0.020942428595974564,-0.4148006886531214,-0.4022847190661062,0.7039381543829827,0.4130114626771034,-0.2038149107587986,-0.10547583734131848,0.11050716505285023
17.904592099999718,-0.2834598644677888,-0.016829946682494355,0.16713601479443774,-0.06068809995764255,0.04680598862100608,-0.19794676858307325,0.3849518829952686,-0.29689598896138064,1.2556000493023631,-0.3257104837487633,0.03698389728547569,0.22138265336175,-0.0016366276306303675,0.002220264930920347,-0.012080525315260765,0.9997806832923422,3.4219371565955997e-09,3.421939393139497e-09,0.020942428595974564,-0.4192924138453803,-0.40005362391833393,0.7066359162711063,0.4059761711199521,-0.13615154511323552,-0.07236794805437428,0.06083458589275294
18.004394499999762,-0.2837631733241635,-0.01659601827000436,0.16614671033369655,-0.05866604091514444,0.0452464658710728,-0.19135140551146537,0.3849518829952686,-0.29689598896138064,1.2556000493023631,-0.32578741733917765,0.037129386139888435,0.2204219325908452,-0.0007465048419927202,0.0014488636558020757,-0.009617813042153311,0.9997806832923422,3.4219371565955997e-09,3.421939393139497e-09,0.020942428595974564,-0.4237382854481682,-0.39772788956708327,0.7098308024845369,0.3979932451061437,-0.16183764089561833,-0.08131070666913084,0.0835172996079939
18.09898819999944,-0.2840506317867522,-0.016374314549862694,0.16520910520499743,-0.05674965116455312,0.04376844107012837,-0.18510070465347117,0.3849518829952686,-0.29689598896138064,1.2556000493023631,-0.32595096480289876,0.03732344098182945,0.21880367463315836,-0.001683476721173324,0.0020170305036907848,-0.017108835342128065,0.9999862922360195,8.555429260869003e-10,8.555434852611532e-10,0.005235966010021853,-0.4290772006506388,-0.3947575409196766,0.7130423886446188,0.38939670230349627,-0.19382731823472302,-0.09874915526175945,0.0842353533092505
18.20125950000147,-0.28436143109764545,-0.016134609088343264,0.1641953690802531,-0.05467765575859841,0.04217040465999884,-0.1783424638218424,0.3849518829952686,-0.29689598896138064,1.2556000493023631,-0.32610467650650465,0.03751706106049715,0.2175336822143262,-0.0014727312588248115,0.0018764092144259049,-0.01242460865330395,0.9999862922360195,8.555429260869003e-10,8.555434852611532e-10,0.005235966010021853,-0.43401149329338296,-0.39197521311346206,0.7161104296308708,0.38101877718531607,-0.17066331890084652,-0.0867170590504936,0.0785182933445566
18.32342509999944,-0.28473270533633394,-0.015848262048257084,0.16298438149194802,-0.05220249416734196,0.04026142439275765,-0.17026921323314193,0.3849518829952686,-0.29689598896138064,1.2556000493023631,-0.3262436151348904,0.03768409246276841,0.21626946864949367,-0.0011128095986264544,0.0013508689251540348,-0.010342287256260966,0.9999862922360195,8.555429260869003e-10,8.555434852611532e-10,0.005235966010021853,-0.4389387428180868,-0.38892692152215375,0.7191598779422748,0.37266298411115406,-0.14549673953741302,-0.07075135071602709,0.06345203816679737
18.420952000000398,-0.2850291479680584,-0.015619629244512004,0.16201747264060684,-0.05022620995584538,0.03873720570112379,-0.16382315422420057,0.3849518829952686,-0.29689598896138064,1.2556000493023631,-0.32636833375456586,0.037844623556444926,0.21485860813609242,-0.0012408150260972781,0.0016209105243310696,-0.014456504213203727,0.9999862922360195,8.555429260869003e-10,8.555434852611532e-10,0.005235966010021853,-0.44427268391097385,-0.3855979208299189,0.7223868660092396,0.3634463393673575,-0.1987010775301683,-0.09778016150408472,0.0877020670828998
18.520792999999685,-0.285332723049044,-0.015385495505012016,0.1610272998333286,-0.048202376082608196,0.037176314104457195,-0.15722200217567914,0.3849518829952686,-0.29689598896138064,1.2556000493023631,-0.32654622668851674,0.038024943087482804,0.21287533064957725,-0.0017155004768116236,0.0017508132021011842,-0.01981998077441121,0.9999862922360195,8.555429260869003e-10,8.555434852611532e-10,0.005235966010021853,-0.45092369946347255,-0.3811817293270223,0.7261126411282728,0.3523190867426298,-0.23999285272089346,-0.11676792005113612,0.09680820810268613
18.59430970000176,-0.28555595147954205,-0.015213329505663377,0.1602991942161845,-0.04671418654595441,0.03602854077546627,-0.15236796472805164,0.3849518829952686,-0.29689598896138064,1.2556000493023631,-0.3267392274425298,0.03824912091584075,0.21173579435548234,-0.0025978520905320266,0.003036285668902892,-0.01554510264646989,0.9999862922360195,8.555429260869003e-10,8.555434852611532e-10,0.005235966010021853,-0.4557311682922632,-0.37790522751814054,0.7287782682201585,0.34406246094489606,-0.24062638252147195,-0.11690593138449074,0.09852232025767266
18.699586399998225,-0.28587591274655294,-0.014966557841476689,0.15925557447984803,-0.04458111143254833,0.03438339634755502,-0.14541049981914186,0.3849518829952686,-0.29689598896138064,1.2556000493023631,-0.3268182726931673,0.03834899126388436,0.21041545008673906,-0.0007206824317787378,0.000928184729449168,-0.012532747278557563,0.9999862922360195,8.555429260869003e-10,8.555434852611532e-10,0.005235966010021853,-0.46147635421593813,-0.3734915897840662,0.7323032397047046,0.3335799334164614,-0.214844094141263,-0.09556797392900283,0.08832444081847222
18.807807799999864,-0.28620478524444554,-0.014712913347665429,0.15818288892404514,-0.042388628113264284,0.03269243305547998,-0.13825926278045594,0.3849518829952686,-0.29689598896138064,1.2556000493023631,-0.3269616813069815,0.03853870601779173,0.20980483591530671,-0.0013174462165421682,0.0017499809310743577,-0.005645714063457883,0.9999862922360195,8.555429260869003e-10,8.555434852611532e-10,0.005235966010021853,-0.46471783207782,-0.3710541408145127,0.7340740239651853,0.32785894600095256,-0.11409831164626186,-0.05328369368081432,0.045088832113516636
18.90385779999997,-0.28649674156588567,-0.014487740632278158,0.15723061310000702,-0.04044225263699689,0.031191281619564838,-0.13191075728686863,0.3849518829952686,-0.29689598896138064,1.2556000493023631,-0.3269532835219624,0.03854142038312079,0.20829967559864948,0.00012605698580985892,-9.07621356745214e-07,-0.015645277255773703,0.9999862922360195,8.555429260869003e-10,8.555434852611532e-10,0.005235966010021853,-0.47113642887726087,-0.3656067578825895,0.7380467550677511,0.31567253809814755,-0.2756755205389048,-0.11679131321953867,0.11049916651696667
18.994489699998667,-0.2867721296595769,-0.014275346242131344,0.15633237797169558,-0.03860633201238868,0.029775319018586082,-0.12592252309812554,0.3849518829952686,-0.29689598896138064,1.2556000493023631,-0.3271950898886252,0.038774895160770734,0.20669112776200982,-0.0026275573772997344,0.0025374066825515763,-0.01776797505553828,0.9999862922360195,8.555429260869003e-10,8.555434852611532e-10,0.005235966010021853,-0.47616214355645176,-0.36173130929310426,0.7401671037708052,0.3075267978833058,-0.20026822703382738,-0.09859562249522276,0.06637648787985213
19.098481199998787,-0.2920380991675249,-0.014650909711569553,0.15000000000000033,-0.06638824784472215,-0.03757374948988095,-9.442209296430601e-17,-0.6698550912742933,-0.3859924395549239,-9.371710800930389e-16,-0.3272718009622678,0.03883014037592211,0.20541271325094695,-0.0007101613941925143,0.0005111377495234186,-0.012286461581704619,1.0,0.0,0.0,6.123233995736766e-17,-0.48224544287074916,-0.35614085565333226,0.7437067419540536,0.2958095768175774,-0.24762474666438727,-0.10280373981404095,0.09380340055520789
19.184771200001705,-0.29635522966657674,-0.017127361019941997,0.15000000000000033,-0.09544779144319429,-0.05490197197332625,-1.3374652731322238e-16,-0.6620902630438157,-0.3947568486398527,-8.959559855607994e-16,-0.32747470359257347,0.03902353328667965,0.20421970499692307,-0.0023236697804760132,0.002215193755455251,-0.013814903117720111,1.0,0.0,0.0,6.123233995736766e-17,-0.48654476947840414,-0.3524155302025453,0.7455645417837571,0.28846316125294397,-0.19105762812320254,-0.08834520726792663,0.06195319668110382
19.287130600001547,-0.30150502656093026,-0.020082080720529027,0.15000000000000036,-0.12930977328252094,-0.07513060441815358,-1.7948623427436102e-16,-0.6528307441972779,-0.40520836265817034,-8.468008628421464e-16,-0.3310221749471087,0.028226105546477698,0.18886934242759706,-0.0292940960042212,-0.10991527006730277,-0.152224699648611,1.0,0.0,0.0,6.123233995736766e-17,-0.4978880339548395,-0.3445540227074714,0.7478380732345087,0.2722650313602193,-0.3339225184478921,-0.23195368854608148,0.0917467973518719
19.39440100000138,-0.30736717154827076,-0.023552707543647407,0.15000000000000033,-0.1536503680328199,-0.09093793787460583,-2.0941556734523014e-16,-0.6428170249706716,-0.4165111666814597,-7.925194172870255e-16,-0.33398088322888453,0.02030764434661655,0.1814391422044182,-0.02586885776383826,-0.07526017737388388,-0.0708538253289827,1.0,0.0,0.0,6.123233995736766e-17,-0.5026714958865545,-0.34254054201165685,0.7476901133218623,0.26635847788699124,-0.09940659374195449,-0.10582499418218545,0.030579960284159644
19.4982514000003,-0.31310252013498036,-0.02696124851606565,0.15000000000000027,-0.1757440102602645,-0.10552898659887469,-2.36016388879627e-16,-0.6330836814953876,-0.4274975016587968,-7.396146970789882e-16,-0.3366692464905993,0.004171546258482376,0.16899899358288678,-0.01901915050903364,-0.15837186314131496,-0.12285579391701976,1.0,0.0,0.0,6.123233995736766e-17,-0.5100517307949621,-0.3389663989940098,0.7484069468864696,0.2546292483556636,-0.18907837321932713,-0.18384586312283518,0.08526014308040446
19.600839099999575,-0.3187707575644057,-0.030331388695411,0.15000000000000024,-0.1975204055326397,-0.11992285266692923,-2.622053325276737e-16,-0.6234719882787603,-0.43834652611225533,-6.873538533788484e-16,-0.3384741788123081,-0.010468682051740258,0.16040687441254467,-0.0125812168419868,-0.1441333683668209,-0.08611310611544803,1.0,0.0,0.0,6.123233995736766e-17,-0.5139627820155713,-0.33928555501541585,0.7471523078569137,0.24998199880148034,-0.03822329336306124,-0.11968612673005512,0.03660076434468984
19.704935099998693,-0.324704987648834,-0.03403691773150485,0.15000000000000024,-0.21330363133288244,-0.13183263314077612,-2.7760379199359525e-16,-0.6143359486635575,-0.44865866518694375,-6.356057835653837e-16,-0.33888513708283446,-0.024052874788835117,0.15365204956921236,-2.352914819448229e-05,-0.13105789348236585,-0.06623614626905366,1.0,0.0,0.0,6.123233995736766e-17,-0.5186861419778284,-0.3378022783495982,0.7476073214004603,0.24070230545303392,-0.1289369305702122,-0.12755059370247018,0.08836509943175577
19.81221739999819,-0.3308201442132586,-0.03785542323050734,0.15000000000000024,-0.2295680658908576,-0.14410552637365084,-2.9347172922308496e-16,-0.6049213638175213,-0.45928520714077103,-5.822799865683163e-16,-0.3388867190840517,-0.0343420260692473,0.14971991124906947,0.002025419445976841,-0.09603582560317464,-0.03733221182588888,1.0,0.0,0.0,6.123233995736766e-17,-0.5202170730129668,-0.33896382860789026,0.747081948032186,0.2373737196189515,-0.014865384860450359,-0.05764035761109296,0.04501170290398892
19.907710600000428,-0.33626396726204927,-0.04125472593492788,0.15000000000000024,-0.24404695989617942,-0.15503107805047145,-3.075976541305835e-16,-0.5965403299977486,-0.46874514711250065,-5.34808396964775e-16,-0.33881268791511104,-0.043065211798029204,0.14767415842301873,0.0022591409238171154,-0.09152101870697894,-0.021746359075126332,1.0,0.0,0.0,6.123233995736766e-17,-0.5200943946060795,-0.33852356070459466,0.7492888722045153,0.23123538989026662,-0.0876672919697702,-0.017739588605188695,0.10279981727044646
19.987680499998532,-0.3408216945954122,-0.04410072124216946,0.15000000000000024,-0.25616911198919773,-0.16417826837301067,-3.1942429020653753e-16,-0.5895234841929053,-0.47666528459579055,-4.950637984436476e-16,-0.34008054592573206,-0.05042937409248835,0.1473088096847917,-0.014453155571336957,-0.09292671409207492,-0.0046765530630290195,1.0,0.0,0.0,6.123233995736766e-17,-0.5127578725064075,-0.341142758198854,0.7524532921381246,0.2334845302406117,0.0900510395909607,0.1829502716557166,0.07194859608378515
20.09395460000087,-0.3469132044212351,-0.04811280703674619,0.15000000000000024,-0.2687370462178228,-0.17496685230561101,-3.283080076838985e-16,-0.5813377255064018,-0.4859048113012786,-4.457961873977056e-16,-0.34584027231788733,-0.053726925160668106,0.14827689682712633,-0.05437389464487443,-0.032371759438430556,0.00805421377412794,1.0,0.0,0.0,6.123233995736766e-17,-0.5084711041062505,-0.34124637001755903,0.7562399457857234,0.23045432440467603,-0.034662959917580755,0.07730356239494136,0.08834206275074033
20.196202999999514,-0.3527785967906783,-0.052002017207395376,0.15000000000000024,-0.2803840796905147,-0.18517528658465365,-3.359962662171561e-16,-0.5736049336501825,-0.4946330599095988,-3.988390800252652e-16,-0.35169705537154333,-0.05523023050362043,0.14838328340114257,-0.057401192637774046,-0.015709458696999874,-5.324119490240356e-05,1.0,0.0,0.0,6.123233995736766e-17,-0.5015814597134208,-0.34347001563502305,0.7590436029996696,0.23301758812740098,0.06910611229243249,0.13749257281259297,0.04273926502493862
20.303687999999966,-0.35894435798277907,-0.0560903952096992,0.15000000000000024,-0.29262756187648814,-0.19590649840225408,-3.440782431955687e-16,-0.5654761427815511,-0.5038082852235188,-3.4947728253689267e-16,-0.3618639160818631,-0.05819670666676738,0.14872009480251777,-0.09497325659582415,-0.0302632146471973,0.00011641290460404161,1.0,0.0,0.0,6.123233995736766e-17,-0.494697610236248,-0.3440294489146739,0.7639179057691605,0.23097066036895444,-0.015138239107681882,0.12736519799952423,0.09959762194202573
20.405053300000873,-0.3647593609451228,-0.05994619329429507,0.15000000000000024,-0.3041745360395567,-0.206027232333505,-3.517004521340649e-16,-0.5578097831045136,-0.5124615497140362,-3.029235822428825e-16,-0.3698099388716191,-0.062308727520941604,0.1482659472775923,-0.07834110143367237,-0.04286377392919091,-0.006627714585700324,1.0,0.0,0.0,6.123233995736766e-17,-0.4873286587859177,-0.34614553239675416,0.7669350920681246,0.23346223095426688,0.06660368906328991,0.1480234711800673,0.046581394046588086
20.49527880000096,-0.369935662111695,-0.06337848253861836,0.15000000000000024,-0.3144532265609077,-0.21503633640346856,-3.584854614067502e-16,-0.5509854724727583,-0.5201643666114621,-2.614831952472735e-16,-0.37679049474394843,-0.06769159444382186,0.14808609809686543,-0.0768921267681609,-0.062061495785259393,-0.0037709582589135465,1.0,0.0,0.0,6.123233995736766e-17,-0.47991079598852193,-0.3467885867997229,0.7718985647417912,0.23150790420345757,-0.013198404768384497,0.1615242173544396,0.12314602406854112
20.596574099999998,-0.3757091561089486,-0.0674563851728249,0.15000000000000024,-0.3235620175455909,-0.22421244334360163,-3.61073731082601e-16,-0.5449899980390259,-0.5269316496775845,-2.2054332560094765e-16,-0.3814287644589081,-0.07218388434544099,0.14804849067922762,-0.0455205008548467,-0.045519023193807726,-0.0010748121136844526,1.0,0.0,0.0,6.123233995736766e-17,-0.47304768504556444,-0.3487981030510091,0.7745654877093049,0.23369654732301168,0.06256606557838724,0.13608215283695158,0.04468821140480426
20.703548199999204,-0.38180564604778316,-0.0717752909392459,0.15000000000000022,-0.33305897524867484,-0.23385693952532655,-3.635501441606997e-16,-0.5387424096780136,-0.5339835017681728,-1.7758531195349422e-16,-0.3851572513278744,-0.07544214274460485,0.1480648256219281,-0.03458522438363178,-0.0310319180914549,-0.0002308602597872328,1.0,0.0,0.0,6.123233995736766e-17,-0.4669026942622174,-0.34939747216092776,0.7786340000311776,0.2316298222027641,-0.010270772699012568,0.10888590487457955,0.09331039994690363
20.790885999998864,-0.3867836777204263,-0.07530185293017984,0.15000000000000022,-0.3408136269768039,-0.2417320624142345,-3.655722360301206e-16,-0.5336410000060897,-0.5397416254442456,-1.42508348868775e-16,-0.3905157768814107,-0.07950719127731219,0.1482186377298048,-0.06106632852434248,-0.04787227899170018,0.0008432724318396742,1.0,0.0,0.0,6.123233995736766e-17,-0.4596988984748774,-0.3515317125655444,0.7813293943142409,0.23372367313188724,0.0749702498186115,0.16310853748311674,0.05716514124010363
20.89877239999987,-0.39293071915571504,-0.07965657063949382,0.15000000000000022,-0.3503893325214278,-0.2514565298120894,-3.6806918328250523e-16,-0.5273416072553305,-0.5468519508005211,-9.919413158671136e-17,-0.3976736658320263,-0.08450812480546241,0.14826062279681027,-0.06604013720277431,-0.04805533281691249,-0.0008852728746997465,1.0,0.0,0.0,6.123233995736766e-17,-0.45276045564966244,-0.3523172982860861,0.7855567127953025,0.2319076154647401,-0.0035106377433347553,0.12142245715911097,0.09678203264696154
20.998488500001258,-0.39861216370162683,-0.08368144788150081,0.1500000000000002,-0.35923974301767747,-0.2604444344554953,-3.7037700363768466e-16,-0.5215193509775546,-0.5534237170136395,-5.916067384476567e-17,-0.402636142928988,-0.08790894582031816,0.14799736593607526,-0.049556824418447186,-0.0349334642994848,-0.0033244124224424297,1.0,0.0,0.0,6.123233995736766e-17,-0.4469938004027002,-0.35416575172553355,0.7874942028229076,0.2337007557252485,0.05740053970642528,0.11268879876873902,0.038097275594675954
21.084670399999595,-0.40352373363358995,-0.08716092671508527,0.1500000000000002,-0.36689086232855583,-0.26821441651572137,-3.723720985423824e-16,-0.5164860502669663,-0.5591049639344546,-2.4552023574766536e-17,-0.4100143725509672,-0.0931997110149792,0.14780187994332428,-0.0848734405051273,-0.06336161659577648,-0.003902862898707173,1.0,0.0,0.0,6.123233995736766e-17,-0.43924211014889064,-0.3552139262425983,0.7918764906632048,0.23199366114227207,0.005007313181045504,0.16726626266366648,0.12953052430783477
21.184392399998615,-0.4091416690088208,-0.09137406951050821,0.1500000000000002,-0.3742994862684197,-0.276537384550561,-3.715451020154008e-16,-0.5125107590437786,-0.5635920018286076,9.133077270595237e-18,-0.41586952092318924,-0.09754455240903331,0.1477600021813729,-0.05849760025257569,-0.04476291222038152,-0.0012321121229909564,1.0,0.0,0.0,6.123233995736766e-17,-0.4334515933551331,-0.3570298356178515,0.7937399629097069,0.23372266466195177,0.056573798132817356,0.11246795853472458,0.03827672119878688
21.290998899999977,-0.4151358172913059,-0.09591506020272493,0.15000000000000016,-0.3819410944021166,-0.2853070992837741,-3.7005348319409034e-16,-0.5086184332405442,-0.567985394009193,4.391762168153304e-17,-0.42032567231000184,-0.10080054650710839,0.1474095798432095,-0.04142889211120371,-0.031013620164515907,-0.003783634217107348,1.0,0.0,0.0,6.123233995736766e-17,-0.4273567010763895,-0.3579541893195648,0.7971809620347847,0.23181363670624244,0.0012814928188195473,0.10167651390846447,0.09173597751899112
21.39122430000134,-0.4207702847432853,-0.10018356726148409,0.15000000000000016,-0.3891241653374665,-0.2935505844127319,-3.68651369448591e-16,-0.5049596677216954,-0.5721151592533432,7.661490811471184e-17,-0.4258090590284159,-0.10509928265082319,0.14756608680145433,-0.05452430497706732,-0.04395157098848837,0.0009268029088378214,1.0,0.0,0.0,6.123233995736766e-17,-0.4209885155804614,-0.3599168059335471,0.7991908625431728,0.23350059482462193,0.05960445425191549,0.12187780436761332,0.04455251039461896
21.5055022000015,-0.4271950706490025,-0.10505079636934515,0.15000000000000016,-0.39731476956022943,-0.3029503418027424,-3.670525882492903e-16,-0.5007877055374846,-0.5768241859290081,1.1389847871325783e-16,-0.43248619039420355,-0.11036723673519984,0.14763335154087454,-0.05797692355224922,-0.04725917588305319,-0.00023887214664138046,1.0,0.0,0.0,6.123233995736766e-17,-0.4141639048527489,-0.36102777391650137,0.8027583550221253,0.23174604596452159,0.006797137297309557,0.10615871418216812,0.09030109441065201
21.604214999999385,-0.43274504886239107,-0.10925529686237513,0.15000000000000016,-0.4043901298380516,-0.311070215288219,-3.656714992987311e-16,-0.4971838034667796,-0.5808920250507676,1.461054670200797e-16,-0.43866144476225044,-0.11530261439420758,0.14762149028639604,-0.06220180527761493,-0.05121135108297571,-0.0008930640828955917,1.0,0.0,0.0,6.123233995736766e-17,-0.4079128655123359,-0.36292469872212385,0.8046525206514646,0.23329611701915381,0.05814903227049642,0.12022794084436003,0.04511406393543524
21.686694299998635,-0.4373824724613678,-0.11276847278102108,0.15000000000000013,-0.41030212470759575,-0.3178549793853854,-3.645174957611751e-16,-0.49417247263474656,-0.5842910101304895,1.7301682448554104e-16,-0.446452611829498,-0.12152451580359286,0.14750630474952886,-0.0936622288969498,-0.07754849900590627,-0.002875258946571732,1.0,0.0,0.0,6.123233995736766e-17,-0.40019403053073754,-0.364265214640518,0.808395581723921,0.23162939101008695,0.018358103289305337,0.1655802176325776,0.1349459082792517
21.795942400000058,-0.44352552262587835,-0.11742226716585034,0.15000000000000013,-0.41813355961553744,-0.326842544423106,-3.629888233270258e-16,-0.4901834567580865,-0.5887935394784146,2.0866545898636257e-16,-0.4516735982879308,-0.12560086089013323,0.1473272361063556,-0.047462490332036415,-0.037939025414075504,-0.002114582992766725,1.0,0.0,0.0,6.123233995736766e-17,-0.394694453638662,-0.36604012311954875,0.8099029781645911,0.2329980310938906,0.04876256806150346,0.09406290257003788,0.03560382195355272
21.897943700001633,-0.44908222392137936,-0.12188884328038488,0.15000000000000013,-0.4207942717043326,-0.3314845350117087,-3.5675949780563947e-16,-0.41901637106411427,-0.5292625037341033,2.7198166946150903e-16,-0.4552866442001998,-0.12831982979170273,0.14678771359533166,-0.03525468799460546,-0.0269782175261188,-0.005638733315101902,1.0,0.0,0.0,6.123233995736766e-17,-0.38911715754917914,-0.3672287632633504,0.8125957555735478,0.23112553116601484,0.010388717320938162,0.09068883107590822,0.09141003038687032
22.004786800000147,-0.45489757938012754,-0.12657466696506608,0.15000000000000013,-0.4233837057783759,-0.3361887417896819,-3.500264037292484e-16,-0.3415562483115778,-0.46415454207395507,3.3961578706271276e-16,-0.4613991941844419,-0.13302405293327707,0.14701712466638955,-0.056718013615976004,-0.04480349327052099,0.0015926557788803939,1.0,0.0,0.0,6.123233995736766e-17,-0.3821375758457842,-0.36932772026078275,0.8145599985396502,0.2325078857861932,0.05754209268577296,0.12091476144238517,0.05039962555236101
22.10726699999941,-0.46047535813440243,-0.1310690590929583,0.15000000000000013,-0.42586735281702204,-0.34070076600007176,-3.4356837904679637e-16,-0.26726063043276493,-0.40170645822796897,4.04486824937555e-16,-0.466909733805309,-0.13734268336377622,0.14708638433243543,-0.053519030501562655,-0.04290228696865442,0.00018944689692277614,1.0,0.0,0.0,6.123233995736766e-17,-0.3764557783077513,-0.3705586943107039,0.8171438582745182,0.2307449152932425,0.013023553654733067,0.0915297444075529,0.09001751359787283
22.190552500000194,-0.46500839697795066,-0.13472163388866137,0.15000000000000013,-0.42788580299151446,-0.3443676703198338,-3.3831996780142173e-16,-0.20688087415577844,-0.35095514623624613,4.572072621335572e-16,-0.47313019634331377,-0.14243836360435322,0.1471133757850939,-0.07407629661255535,-0.0622791606877862,-0.0004202374783463785,1.0,0.0,0.0,6.123233995736766e-17,-0.3692556872002509,-0.3727128970015338,0.8191045193708067,0.23195499612061415,0.07428085872544499,0.15810699518004856,0.07030358486864116
22.292224600001646,-0.47054104094785776,-0.13917965787997216,0.15000000000000016,-0.4303493526260732,-0.34884318371673145,-3.3191420075849344e-16,-0.13318644840741012,-0.28901238555253306,5.215533705633312e-16,-0.47825078376190266,-0.14670383181610044,0.14704380309803697,-0.05006062321789978,-0.04257245905997977,-0.0011150375146453716,1.0,0.0,0.0,6.123233995736766e-17,-0.3637101921891482,-0.37395913485731913,0.8214910250610417,0.23026497193159268,0.015129388561785884,0.08875040728372373,0.08785414605661662
22.398294200000237,-0.4763138849148824,-0.14383122719169159,0.15000000000000016,-0.4329198573834156,-0.35351300173740063,-3.25230327039333e-16,-0.056292575713130066,-0.22438037701217006,5.886930683047298e-16,-0.48153239073394627,-0.14935535671945654,0.1465179504314362,-0.030757336221801983,-0.02518937410072368,-0.0051848559272585325,1.0,0.0,0.0,6.123233995736766e-17,-0.3584139629153023,-0.3758730052439323,0.8226945500368826,0.23115491008381003,0.04990923732351593,0.0883759070517626,0.04173750673808714
22.501658500001213,-0.48193957957934247,-0.14836422839660607,0.15000000000000016,-0.4354248401927472,-0.3580637864932231,-3.1871682469376623e-16,0.018641278695000707,-0.1613958328817911,6.541213808513301e-16,-0.486347840969718,-0.15330094142820505,0.1465067553272205,-0.046244140930485705,-0.03860533944304544,-0.0004816392304310108,1.0,0.0,0.0,6.123233995736766e-17,-0.3522444950844052,-0.377344734371718,0.8251310718376574,0.22955060751979847,0.021787096655730538,0.09689306490161853,0.09137737658069672
22.60878379999849,-0.4877155436494081,-0.1530351771949172,0.15000000000000016,-0.4377361330323167,-0.36247269798198145,-3.118793782663973e-16,0.08957782064923288,-0.10110934096708965,7.151584238810016e-16,-0.49216669260520407,-0.15792958698960458,0.14671126183010205,-0.05395303302184792,-0.04386598128993903,0.001527947299287083,1.0,0.0,0.0,6.123233995736766e-17,-0.3461339636044043,-0.37933644552680734,0.8265595669112752,0.23042227036907229,0.0518581060041607,0.10135806595464435,0.04865899285733941
22.694560899999487,-0.4918508283856193,-0.15653130316454908,0.15000000000000016,-0.437042626382965,-0.36325548103881444,-3.0563284118768303e-16,0.08630880581805347,-0.0974194997452712,7.035398866015735e-16,-0.49817517175591336,-0.16272900772441656,0.14672168216007422,-0.06958747805830702,-0.05681618653849536,-0.0004512669318799077,1.0,0.0,0.0,6.123233995736766e-17,-0.3399415472683935,-0.38084355915430984,0.8288723505675599,0.22884176707073445,0.0284965186517836,0.1161844284877267,0.10980723935949718
22.799595199998294,-0.49691396310898567,-0.16081186857256122,0.15000000000000013,-0.436193514938118,-0.36421390018736993,-2.9798474418795595e-16,0.0823063093616404,-0.09290175443735929,6.893144527350541e-16,-0.5042064842073974,-0.16765512579863048,0.14672346361488736,-0.05696608658785999,-0.047564550689892626,-0.0004128188800058173,1.0,0.0,0.0,6.123233995736766e-17,-0.33355749235115945,-0.38286854990997854,0.830320969014909,0.22960435797340356,0.053472143106639884,0.10703788149256142,0.05345714284198658
22.90376710000055,-0.501936115135501,-0.16505778566010537,0.15000000000000013,-0.43535127648378735,-0.3651645615724908,-2.903985534297083e-16,0.07833621044309332,-0.08842057726293003,6.752041642627579e-16,-0.5074888966513984,-0.17040875935089678,0.14620111988535134,-0.03135654410219604,-0.026620113379036015,-0.005232021615590753,1.0,0.0,0.0,6.123233995736766e-17,-0.3290358052449586,-0.3841966658206988,0.8319706759471247,0.22793234786476496,0.018218149967065486,0.06457292777166089,0.07564648601033873
22.989576700001635,-0.5060728606125311,-0.16855514659522036,0.15000000000000013,-0.43465752486134784,-0.3659476211382552,-2.8414980983505375e-16,0.07506604087077604,-0.08472943264798824,6.635815228713416e-16,-0.5122000238232175,-0.1745800783885611,0.14609145301401355,-0.054547417809506865,-0.04914806761226258,-0.0016718520840929662,1.0,0.0,0.0,6.123233995736766e-17,-0.3221187875472509,-0.386420063151537,0.8334785044195461,0.2285445343332624,0.07044716417042036,0.13982667707552002,0.07491371609853445
23.09202430000005,-0.5110120252095512,-0.17273090297415106,0.1500000000000001,-0.43382920378824696,-0.366882573531642,-2.7668897539166126e-16,0.0711615449651111,-0.08032230368493423,6.497043967094589e-16,-0.5170454299249723,-0.17874455478060486,0.14628822766349114,-0.04697590697644767,-0.04106430122513834,0.0016709867739906777,1.0,0.0,0.0,6.123233995736766e-17,-0.3170575513822426,-0.38780430923965503,0.8351929124399827,0.22701349267536944,0.022244787130227123,0.07549032433896237,0.0793574679863739
23.19656649999888,-0.5160516338112698,-0.17699157850997682,0.1500000000000001,-0.432984037784364,-0.36783653933524213,-2.690764156766838e-16,0.06717764631888348,-0.07582555031808155,6.35545062069194e-16,-0.5207822975433174,-0.18180702114513886,0.1458354034719968,-0.03554431531624923,-0.029498670675613844,-0.00455319797327376,1.0,0.0,0.0,6.123233995736766e-17,-0.31176544752120056,-0.38980852574325375,0.8361528333168541,0.22737646827667474,0.04981496288379923,0.08454117316707438,0.04964007863849515
23.298077499999636,-0.520945428668545,-0.1811289775966105,0.1500000000000001,-0.43216332542945296,-0.36876290352592206,-2.6168411430408273e-16,0.06330901598513786,-0.0714589039690707,6.217954071810475e-16,-0.5260085402805036,-0.18622307333593394,0.14601747196029569,-0.05109383085939561,-0.04393955147834082,0.0015036990253740504,1.0,0.0,0.0,6.123233995736766e-17,-0.3060237831866926,-0.3913499283684099,0.8379478462447787,0.22591610093988723,0.02801833056368037,0.08758340235452695,0.08551743999805805
23.405019699999684,-0.5261009419864581,-0.1854876433590202,0.15000000000000008,-0.431298721660942,-0.36973880935392966,-2.538964752043733e-16,0.05923349263579711,-0.06685873087978081,6.073104254930289e-16,-0.5315796240648962,-0.19087869708228944,0.14615752673188181,-0.05177344192004172,-0.04407081706128456,0.001040351114062163,1.0,0.0,0.0,6.123233995736766e-17,-0.30013421678469265,-0.3934073207745692,0.8390305202976662,0.22622536967599774,0.05054683420071468,0.09240403095905048,0.05451488456066174
23.489059100000304,-0.5301532923232439,-0.18891365345366337,0.15000000000000008,-0.4306191234994286,-0.370505893457283,-2.47775214336164e-16,0.056030038896303244,-0.06324289055154701,5.959249015302012e-16,-0.5368411018048109,-0.1953381385680084,0.14609878219499553,-0.062066421625778787,-0.053517148366137676,-0.001067958432859168,1.0,0.0,0.0,6.123233995736766e-17,-0.29451831191078937,-0.39497528448065344,0.8406775204698715,0.22475496696463598,0.03521537265151298,0.10171549133313157,0.10173609077322732
23.594165800001065,-0.5347131428572085,-0.19287213808316822,0.15000000000000008,-0.4301686974349157,-0.37101430371115185,-2.419564493464298e-16,0.05238398700180864,-0.059127475580382234,5.829663216379125e-16,-0.5422474254484572,-0.19998029199421424,0.1460426032487678,-0.05107015578131403,-0.044628985327658736,-0.0008233838470632299,1.0,0.0,0.0,6.123233995736766e-17,-0.28833827359664754,-0.39709291583042927,0.8417681089348381,0.22495489982851924,0.0527885477226317,0.0977189963719924,0.059637452516192194
23.702301799999987,-0.539344836245257,-0.1969066719784481,0.15000000000000008,-0.4297527526491777,-0.3714837938467664,-2.36187443010241e-16,0.048675011245961824,-0.05494103644155724,5.697841015155726e-16,-0.5453441626947331,-0.2025659964798906,0.14545358228820718,-0.028520217758413947,-0.024041765480264186,-0.005607062163362893,1.0,0.0,0.0,6.123233995736766e-17,-0.28440157009763767,-0.3984648890400467,0.8428669270944019,0.22342072942934885,0.021487327783368496,0.050254094400555796,0.06467084643768431
23.803156599999056,-0.5436647198392642,-0.20066959739761736,0.15000000000000008,-0.42936480964315776,-0.3719216774812105,-2.3080681140588373e-16,0.04521572709740461,-0.05103643217742655,5.574893203916687e-16,-0.5498625434161024,-0.20656697251812334,0.14536453293456011,-0.04447628964968166,-0.03995279599527579,-0.00113852453381845,1.0,0.0,0.0,6.123233995736766e-17,-0.27761076980099575,-0.4008020852762297,0.84401248128229,0.22345666328940939,0.059953626321287715,0.11016458647209718,0.07108211370307516
23.88999899999908,-0.5473843231067362,-0.20390963601898482,0.15000000000000008,-0.4290307742365587,-0.37229871389018004,-2.2617385904476136e-16,0.04223713650761715,-0.04767440205254239,5.469029916061509e-16,-0.5546149689148226,-0.21071917947838517,0.14575492413018235,-0.05435299906323179,-0.048201296003916164,0.004315617112094812,1.0,0.0,0.0,6.123233995736766e-17,-0.27275905940677037,-0.4022617276284483,0.8452709047119664,0.22204750762916428,0.03247048975797945,0.08196334246214597,0.08788080585922492
23.98994980000134,-0.5516654478498642,-0.20763879972628901,0.15000000000000008,-0.4286463119319958,-0.37273266874596134,-2.2084150353244486e-16,0.03880888974132852,-0.0438048306709241,5.347185216926778e-16,-0.5591333760555948,-0.21458915047470664,0.14555793504565095,-0.04491405700308789,-0.038991195142190974,-0.002211287086665494,1.0,0.0,0.0,6.123233995736766e-17,-0.2665458550908858,-0.40456067993584355,0.8461947291075211,0.2218973722565579,0.05796679620890344,0.09899280104234227,0.06903656787670542
24.100188000000344,-0.5563879369192831,-0.21175242310857578,0.15000000000000005,-0.42822221332711013,-0.373211362357106,-2.149594066228437e-16,0.03502720645656638,-0.03953632422705984,5.212778888133382e-16,-0.5622839139671928,-0.21730036931791322,0.14525754795144777,-0.028402658872647677,-0.024671153542819253,-0.002835427833643419,1.0,0.0,0.0,6.123233995736766e-17,-0.2628699539782654,-0.40585511315056055,0.8470935840264118,0.22048463512521382,0.021177373163487386,0.045182535589069185,0.05840880779191752
24.20471429999816,-0.5608646377358655,-0.21565194746615396,0.15000000000000005,-0.4278201875007091,-0.37366514171972665,-2.093834513053508e-16,0.03144234593066709,-0.03548997790376687,5.08536791628813e-16,-0.5664829583565307,-0.22095074277336932,0.14502698250841928,-0.039901988094413,-0.03511435649810882,-0.0024196685147683367,1.0,0.0,0.0,6.123233995736766e-17,-0.2564899954217333,-0.4082687110278805,0.8479714100674517,0.22016818469617702,0.05741835318022824,0.09541478129613998,0.0703164743216582
24.293132599999808,-0.5646519458498982,-0.21895096181744111,0.15000000000000005,-0.42748007192525245,-0.3740490410090577,-2.0466616916328736e-16,0.028409538532164373,-0.03206675153902325,4.977577686997198e-16,-0.5716851918526169,-0.22549204814175222,0.1455427540071974,-0.05845250070404576,-0.051840003254334216,0.00568226197281996,1.0,0.0,0.0,6.123233995736766e-17,-0.2515413320838517,-0.40969296390994414,0.8491023811497621,0.2188693215185058,0.03374453802467299,0.08262061110684062,0.08449249091299191
24.39384229999996,-0.5689650876567564,-0.2227080146611851,0.15000000000000005,-0.4270927343589661,-0.3744862412643794,-1.992939347928405e-16,0.024955653084037507,-0.028168240960122173,4.854821753144619e-16,-0.5766760127460712,-0.22976232018258935,0.14544151854224777,-0.0492246222109381,-0.042718990346656834,-0.0012328243780451798,1.0,0.0,0.0,6.123233995736766e-17,-0.24534943488103442,-0.4120892865946318,0.849871299642104,0.21841439678310012,0.05854983411071739,0.09446617900197546,0.07324003609405734
24.505624199999147,-0.573732482148713,-0.2268629697047093,0.15000000000000005,-0.4266823332401303,-0.3749494740864876,-1.934178950017404e-16,0.02113712306112292,-0.02385814442861814,4.71910583958958e-16,-0.5799877754145473,-0.23263102084639634,0.14503594179564283,-0.029425404152259665,-0.025733427561626145,-0.0037406259282280877,1.0,0.0,0.0,6.123233995736766e-17,-0.24164921979856566,-0.41336832121043615,0.8506521605793733,0.21707875827002104,0.022210205275845406,0.04482489734160553,0.05610844582776393
24.615043900001183,-0.5779703914476422,-0.2305968763411647,0.15000000000000005,-0.426640909775968,-0.3749962300706326,-1.893251464317402e-16,0.017726509534152658,-0.020008476246181003,4.5978878505157015e-16,-0.5840693158288628,-0.23622522573121507,0.144715844193252,-0.03708312523041228,-0.03302519030659322,-0.0031180821964351085,1.0,0.0,0.0,6.123233995736766e-17,-0.23541410492022924,-0.41585841309297267,0.8513441559433758,0.21646040655386153,0.055406239857805545,0.08573584675967635,0.07035100937009525
24.700226900000416,-0.5812696822965746,-0.2335037917863674,0.15000000000000005,-0.42660866084221283,-0.3750326304699194,-1.861388658977526e-16,0.015071283760061303,-0.01701143829424784,4.503517401818629e-16,-0.5891244907950506,-0.24065732243647076,0.14516825529639268,-0.058910550709481216,-0.05242098315073421,0.005168924570028929,1.0,0.0,0.0,6.123233995736766e-17,-0.2305143612206518,-0.41727374696788755,0.8523109017865622,0.2152019425056181,0.036570969043452736,0.0839736261903744,0.08564827838354747
24.80681529999856,-0.5853998196713288,-0.2371427435112105,0.15000000000000005,-0.42656829079522485,-0.3750781974285279,-1.8215019774982867e-16,0.011747403656694981,-0.013259668891183263,4.385382040287162e-16,-0.5940094981220501,-0.2448847327052529,0.14518486360432611,-0.045477283612393685,-0.03987834624617705,-2.5433948710189454e-05,1.0,0.0,0.0,6.123233995736766e-17,-0.22419151069054344,-0.4197927018595818,0.8529490961799865,0.21445300959760003,0.05736570113390932,0.08807703130195876,0.07477203652056283
24.920911699999124,-0.5898203709210779,-0.24103757100371961,0.15000000000000005,-0.42652508209646445,-0.3751269684638584,-1.7788106324744684e-16,0.00818980229583784,-0.00924409085620932,4.258939897406e-16,-0.5966622691740662,-0.24718432522798162,0.14460786829314823,-0.023158986846739206,-0.020222169515505824,-0.0051495053627319464,1.0,0.0,0.0,6.123233995736766e-17,-0.2209571634946647,-0.42102060147134396,0.8535163879300414,0.21314164438690775,0.02120255646386752,0.036373641474351556,0.05034233941886378
25.011167399999977,-0.5933174915963197,-0.2441187889290467,0.15000000000000005,-0.4264908994741514,-0.3751655514790461,-1.745037291345316e-16,0.005375365685917715,-0.006067346559906581,4.1589108722665007e-16,-0.6004770760863747,-0.25061809947445074,0.14438024301227234,-0.041938126361489435,-0.038124949488709745,-0.002732589530288875,1.0,0.0,0.0,6.123233995736766e-17,-0.21427653802259267,-0.4237041221793952,0.8541236251804809,0.21221030844375563,0.07195966615803964,0.10809765056269054,0.0955852348488869
25.10576420000143,-0.5969834960220739,-0.2473488057342805,0.15000000000000008,-0.4264550660968332,-0.375205997754017,-1.7096329603113544e-16,0.0024250136603165863,-0.0027371902023684384,4.0540512225948736e-16,-0.6051284098757861,-0.2547086962625678,0.14497261349760762,-0.04884108560595734,-0.0435259720473835,0.006192440799733321,1.0,0.0,0.0,6.123233995736766e-17,-0.20973691884250795,-0.4250450764976112,0.8548877504978615,0.21098351089195932,0.032044628478799124,0.06858729612730428,0.07227996777658295
25.20270950000122,-0.6007396164667113,-0.25065822131311344,0.15000000000000008,-0.42641835188006905,-0.37524743826054235,-1.6733583364480676e-16,-0.0005978625491026672,0.000674826512754665,3.946613961695196e-16,-0.6084140021596074,-0.2574332279310416,0.14429780593214273,-0.03366456004604302,-0.02812750957547421,-0.007113466553369023,1.0,0.0,0.0,6.123233995736766e-17,-0.20470121425516363,-0.42752028205950277,0.8551379457781423,0.20991168381146377,0.05865242153616835,0.06977775820830905,0.07462591129658816
25.296207200000936,-0.6043607817898065,-0.25384873160436106,0.15000000000000008,-0.42638295678276844,-0.37528738983488963,-1.6383870377428849e-16,-0.003512128656087292,0.003964251543910197,3.843036856191645e-16,-0.6119224809268217,-0.26049684623948716,0.1441440469409076,-0.03737438168120378,-0.03294653347010152,-0.0017641387909893337,1.0,0.0,0.0,6.123233995736766e-17,-0.20055779602434887,-0.4288742237739894,0.8557557113636826,0.20862797776077693,0.03211989462454992,0.06086067165653433,0.07010826864295064
25.414488400001574,-0.6089443237393758,-0.25788716577006937,0.15000000000000008,-0.42633815493065413,-0.3753379591131836,-1.594121614779784e-16,-0.00720090278312837,0.008127888460486347,3.7119326491943524e-16,-0.6154926429901816,-0.26357890120174354,0.14396532009087268,-0.029943356125747264,-0.026073388357996753,-0.0016038652131670512,1.0,0.0,0.0,6.123233995736766e-17,-0.19557984352310878,-0.43131360506188743,0.8559588946552006,0.20748848053962415,0.047375979252277704,0.055862450951622296,0.061345968737819494
25.49679449999894,-0.6121327973402012,-0.26069644315155865,0.15000000000000008,-0.4263069891806062,-0.3753731368884995,-1.5633290237879028e-16,-0.009766944297067901,0.011024261295728425,3.620731934208578e-16,-0.6190624292940459,-0.26668501327365723,0.1439059693866217,-0.043267099824073244,-0.03800807640228986,-0.000833959042813223,1.0,0.0,0.0,6.123233995736766e-17,-0.19169149031920296,-0.4326692406835328,0.8564736907584222,0.20616623812880897,0.03619750204193543,0.06292821580327183,0.07746853470421844
25.594157899999118,-0.6159049967855506,-0.2640200255006623,0.15000000000000008,-0.4262701177995748,-0.3754147547913421,-1.526899117443258e-16,-0.01280276067425861,0.014450883990611837,3.512834761594152e-16,-0.6245933201215754,-0.2715673514355195,0.14464362488716853,-0.056293931505670886,-0.05042914893590805,0.007492075505991553,1.0,0.0,0.0,6.123233995736766e-17,-0.18525475052369816,-0.43525705172996626,0.8568680356514445,0.20496132758785224,0.06432446838484787,0.09342867367575775,0.09010778574992473
25.687142899998435,-0.6192356273717781,-0.26693559588667376,0.15000000000000008,-0.4264868344253682,-0.3751701398291587,-1.5036809401646108e-16,-0.0154756170372618,0.017467822150127828,3.4178376970353933e-16,-0.6273094903719868,-0.273849356318993,0.1440033445053858,-0.029017420207840712,-0.02455084909496672,-0.00695568646137968,1.0,0.0,0.0,6.123233995736766e-17,-0.18286337415088794,-0.4364099705972252,0.8571112873745033,0.2036358637684025,0.02417084155647799,0.027526326948318244,0.05233890729079437
25.785192200000893,-0.6227287271205281,-0.26999194836194257,0.15000000000000008,-0.4267330610423964,-0.3748922159993999,-1.4800099456692116e-16,-0.01827827939362492,0.02063127647120121,3.318227145383946e-16,-0.6310947535680581,-0.27724715726502486,0.14360348093402311,-0.03840346151547755,-0.034789078137821665,-0.004262681993741445,1.0,0.0,0.0,6.123233995736766e-17,-0.1767167213396311,-0.4391017552431124,0.8573624589256303,0.20221390398878558,0.0651781312098796,0.08488660056574583,0.09060495574330861
25.906261899999663,-0.6270417503182621,-0.2737657080809439,0.15000000000000008,-0.4270370835975846,-0.37454905605231237,-1.4507827389715995e-16,-0.021738801173094874,0.024537277688785775,3.19523534700615e-16,-0.6339275584700962,-0.279716357136475,0.14354336647955693,-0.023266414595862792,-0.020432973967438636,-0.0005292588439080573,1.0,0.0,0.0,6.123233995736766e-17,-0.17426466606534968,-0.44020032470396386,0.8575966588024099,0.20095639104691365,0.018347946210599195,0.02263118999989538,0.03952864016984654
26.002688299999136,-0.630476305480851,-0.27677083588365897,0.15000000000000008,-0.42727918343999066,-0.37427579024458785,-1.427508471932166e-16,-0.024494490720318673,0.02764771230318369,3.097294274883823e-16,-0.6375273097007339,-0.28281751474245453,0.14328082572577994,-0.03711326311362902,-0.03222485347370607,-0.002874741414706527,1.0,0.0,0.0,6.123233995736766e-17,-0.16838250895589235,-0.4429512633736237,0.8577298421317939,0.1993515158457477,0.06653788603631264,0.07918471963871727,0.09259215333011998
26.096267900000385,-0.6338102297885212,-0.27968791485163086,0.15000000000000008,-0.427514189870597,-0.3740105309968252,-1.4049161299977057e-16,-0.027169439856659497,0.030667012642661518,3.0022228302249537e-16,-0.6428721669746094,-0.2874728334901552,0.14460180445752574,-0.05661814765009272,-0.050050508227598135,0.014161461131987636,1.0,0.0,0.0,6.123233995736766e-17,-0.16367512935862957,-0.4442922647576051,0.8582369365143766,0.19810147982388185,0.03519209394105295,0.07074017964411888,0.0744200766404688
26.203359800001635,-0.6376252784500404,-0.2830259625051734,0.15000000000000005,-0.4277831104836026,-0.3737069917305603,-1.3790634483218342e-16,-0.030230415505911885,0.034122033409734354,2.8934314617886433e-16,-0.6462691459951395,-0.2902859472990407,0.14401883383058348,-0.03153146353267995,-0.026299958251521396,-0.005562133028218967,1.0,0.0,0.0,6.123233995736766e-17,-0.1589775542506966,-0.4468672339524081,0.8581669265143854,0.19643151147675914,0.054152815513516875,0.051793530747515755,0.07324074395993796
26.313322400001198,-0.6415438898270794,-0.2864546242793228,0.15000000000000005,-0.42805933117359635,-0.37339521263474934,-1.352508973784228e-16,-0.033374483922387496,0.03767084363129693,2.781686859844715e-16,-0.649276865579291,-0.29293140108969506,0.1434554270491242,-0.027189604246370274,-0.024101142187653725,-0.005218034880772689,1.0,0.0,0.0,6.123233995736766e-17,-0.15520461285833578,-0.4482146907070677,0.8584665511466907,0.19506486035205886,0.028134273179687867,0.043866015511359116,0.05687051827539161
26.401893199999904,-0.6446979090509108,-0.28921429195421594,0.15000000000000005,-0.4282816561970383,-0.3731442672954032,-1.331135758858884e-16,-0.035905087565481705,0.04052721661232869,2.691745656500163e-16,-0.6528113137671417,-0.29604837701659914,0.14329928279119616,-0.03964336759369119,-0.035240785636402656,-0.0018859352225349315,1.0,0.0,0.0,6.123233995736766e-17,-0.14991063357470952,-0.45085489901892956,0.8584226700324294,0.19330592734382115,0.06883178278573233,0.0731805040813528,0.0965603338217578
26.50721500000145,-0.648450359107931,-0.29249756779659636,0.15000000000000005,-0.42854616426997205,-0.37284570860374294,-1.3057072766989432e-16,-0.03891583769441988,0.043925546233960694,2.5847393735109527e-16,-0.6569730235469555,-0.2996393778295226,0.14356840673574206,-0.039266465324212976,-0.034249932492202394,0.002495455375504104,1.0,0.0,0.0,6.123233995736766e-17,-0.14556647980990187,-0.45229317804081093,0.8587332110518526,0.19188161269405446,0.03268363265537878,0.05436923396390255,0.0656350082084682
26.59854429999905,-0.6517036412225888,-0.29534408738065354,0.15000000000000005,-0.4287754862782019,-0.3725868655446763,-1.2836614066788835e-16,-0.04152608417267854,0.04687181462121985,2.491967552083632e-16,-0.6598369269551181,-0.30200473051170496,0.14290639839995514,-0.031132583120116283,-0.025861568315887734,-0.007336970649821903,1.0,0.0,0.0,6.123233995736766e-17,-0.1417236425600667,-0.4547170239045319,0.8584928893307473,0.19009680765193573,0.058349295708667474,0.04362283454965636,0.0780996357790452
26.69037069999831,-0.6549748244293274,-0.29820626985756427,0.15000000000000005,-0.42900607012424374,-0.37232659820905706,-1.2614942298875933e-16,-0.0441506934577625,0.04983429476627819,2.398685256353946e-16,-0.6637590087406089,-0.3054055951595142,0.14298349943341518,-0.042454957054601165,-0.03717990233011317,0.0007440646682325635,1.0,0.0,0.0,6.123233995736766e-17,-0.13703666248663687,-0.4563142067324656,0.858754914139928,0.18851603462084965,0.0418701686052939,0.0663531767603458,0.08196325558735558
26.805192600000737,-0.6590533140725754,-0.30177099590132284,0.15000000000000005,-0.4293072707652157,-0.3719866234464784,-1.234361335530014e-16,-0.04742150767990515,0.053526167018022534,2.2824359306806907e-16,-0.6666791133556726,-0.3078707980721218,0.14270143609237848,-0.02528276795453605,-0.02148274106414796,-0.0025001276932597113,1.0,0.0,0.0,6.123233995736766e-17,-0.1337773685766621,-0.45855745054900526,0.8584549272935793,0.18677210179273615,0.04246493223444269,0.026856557978413836,0.05630123639375605
26.911932399998477,-0.6626016067562857,-0.3047978626176643,0.15000000000000005,-0.4298362318438643,-0.3713895682192829,-1.2205871232883142e-16,-0.05023730906373607,0.05670445177813306,2.18235839956193e-16,-0.6699054246875946,-0.31064528110118617,0.14228753121370927,-0.030054535339230807,-0.026047671376940147,-0.0039715258649352415,1.0,0.0,0.0,6.123233995736766e-17,-0.12975783591207216,-0.46020465163287416,0.8585651148609252,0.18504195788719588,0.035354366139338414,0.044371945834190595,0.06681656067914944
27.006450500000938,-0.6657438913484174,-0.3074783846300849,0.15000000000000005,-0.43030466734099954,-0.37086083014486154,-1.208389004712992e-16,-0.052730916579129476,0.05951906605078084,2.093732090493129e-16,-0.67461961819107,-0.3147939701707958,0.14333578505517516,-0.04936517050675129,-0.04398093228873324,0.011110179728151464,1.0,0.0,0.0,6.123233995736766e-17,-0.12482702218832853,-0.4625639617851793,0.8584145128782412,0.1832411522262547,0.05857772896860773,0.06250447321009259,0.08644537029818994
27.098544199998287,-0.668806126014548,-0.3100906201514359,0.15000000000000005,-0.4307611694101518,-0.3703455617109169,-1.196501634085756e-16,-0.0551609992637093,0.06226197782238478,2.0073635430225238e-16,-0.6786377333759823,-0.31816291804441643,0.14344562019634807,-0.04331724112555202,-0.03668071514384371,0.0011236149667795043,1.0,0.0,0.0,6.123233995736766e-17,-0.1207648837463883,-0.4642356107557337,0.8584747561520403,0.18144485005000052,0.041892116792015814,0.05129207654544527,0.07899682349647234
27.20223740000074,-0.6722530770944034,-0.313031037537062,0.15000000000000005,-0.4312750230078609,-0.3697655587789257,-1.1831208225256908e-16,-0.05789637948338877,0.06534948865153531,1.910144292890551e-16,-0.6815867145048211,-0.32064406559634956,0.1428372888845541,-0.028309213579447115,-0.02396753718635122,-0.005964088197060933,1.0,0.0,0.0,6.123233995736766e-17,-0.11681248033018488,-0.4665187817771445,0.8581817497578331,0.17955265264223472,0.04998289599217624,0.03993622535483539,0.07101177048705759
27.311933199998748,-0.6759001480023457,-0.3161421668962796,0.15000000000000005,-0.4318187094321037,-0.3691518825848687,-1.1689631604542525e-16,-0.060790567822659416,0.06861625126640367,1.8072807794161566e-16,-0.6840456218422519,-0.3226867941425209,0.14200036245960856,-0.022302047762611132,-0.018626403269112954,-0.00771156670431862,1.0,0.0,0.0,6.123233995736766e-17,-0.11353539349744105,-0.4681872533050086,0.8581059463455837,0.17766427641043422,0.03354689695392959,0.029603684627240712,0.06064122108927803
27.414806900000258,-0.6793215184812371,-0.31906076278166784,0.15000000000000005,-0.4323287496064331,-0.3685761839853781,-1.155681650913033e-16,-0.06350564816912826,0.07168084898171458,1.7107830152542558e-16,-0.6872415333665552,-0.32536713219418834,0.14197390769704,-0.03080812630303644,-0.02601338201630873,-0.00031982724944274593,1.0,0.0,0.0,6.123233995736766e-17,-0.10915560943195253,-0.4705337465727927,0.8578046182782934,0.17565387307469646,0.05257165156476353,0.04597027472527441,0.07726753566923046
27.487315300000773,-0.6817325017655346,-0.3211174491115183,0.15000000000000002,-0.432688166495722,-0.36817049868800134,-1.1463223904378299e-16,-0.0654189204590621,0.07384042039039301,1.6427826341783682e-16,-0.6912739606187585,-0.3286826277551941,0.1425431979087217,-0.05514073307319385,-0.045785309441978075,0.007823448765228681,1.0,0.0,0.0,6.123233995736766e-17,-0.10515463414145719,-0.4722703866077136,0.8577470070739817,0.17370450975033389,0.05538640594776652,0.060835207643490145,0.10281172964698843
27.6068508999997,-0.6857054377460426,-0.324506557270708,0.15000000000000002,-0.4332804311956718,-0.36750199064598854,-1.1308997440283506e-16,-0.06857170396058795,0.0773990676061972,1.5307282858864457e-16,-0.6950347134328687,-0.33175842511544185,0.14261131439881092,-0.03127557037780069,-0.025799227888161313,0.0005273874895436355,1.0,0.0,0.0,6.123233995736766e-17,-0.10103752056568029,-0.4745470073185906,0.857399228190527,0.1716482472418457,0.04388567596814134,0.03573302271030765,0.06506456042209313
27.69673479999983,-0.6886942719795061,-0.327056178643112,0.15000000000000002,-0.43372599110883586,-0.3669990729722288,-1.1192973085032362e-16,-0.07094353862046933,0.08007623297598862,1.4464299549225295e-16,-0.6969246221668179,-0.3332510178989693,0.14120901611926662,-0.020918823533342665,-0.016591591281490885,-0.01566943527049762,1.0,0.0,0.0,6.123233995736766e-17,-0.09930800643949489,-0.4760639243972169,0.8571431006511313,0.16972555715241858,0.033955222287155674,0.006315448557913855,0.05730102628650466
27.788595499998337,-0.6917484873565168,-0.32966157331972745,0.15000000000000002,-0.4341812977039388,-0.3664851539079428,-1.1074410681688507e-16,-0.07336725747674819,0.08281196169177724,1.3602875868367636e-16,-0.7011904830967642,-0.33701619289482043,0.14191973395298269,-0.04595153393258417,-0.04098366838712572,0.0076746408269592415,1.0,0.0,0.0,6.123233995736766e-17,-0.0933361177039851,-0.4786650202847318,0.8568342204048887,0.1673418245117214,0.06877621084018652,0.0765148880799677,0.11049480589435456
27.907734000000346,-0.695709926362996,-0.3330408739993406,0.15000000000000002,-0.4347718484946016,-0.3658185804099636,-1.0920630521702563e-16,-0.07651091738045769,0.0863603108119616,1.2485575040095946e-16,-0.7037408137889654,-0.33908132295727483,0.14165623606908795,-0.021275511429366494,-0.017341168061632873,-0.00222279379708776,1.0,0.0,0.0,6.123233995736766e-17,-0.09217899153357506,-0.47994241501959717,0.8565798300091888,0.16561795375634622,0.020955179087808862,-0.0011805803801511472,0.03535751004532482
28.010382899999968,-0.6991226790984028,-0.33595211852923224,0.15000000000000002,-0.4352806039804073,-0.36524433187935207,-1.0788149960778879e-16,-0.07921915898610304,0.08941718942255777,1.1523027982897794e-16,-0.7069850875796633,-0.34178629356155243,0.1410029290946494,-0.03138994612490081,-0.026341616611271802,-0.006494353654062224,1.0,0.0,0.0,6.123233995736766e-17,-0.08725526931260348,-0.48260387070968747,0.8561060938598788,0.16297968587892336,0.06025486850651463,0.048119823212743565,0.09314898880814235
28.10446320000119,-0.7022415609657444,-0.3386075144664921,0.15000000000000002,-0.4357070003700781,-0.3646686108115916,-1.0669947227546993e-16,-0.07975641550222887,0.09369677950621394,1.0688211935779069e-16,-0.7116169108495242,-0.345718727088264,0.1425156495588851,-0.04873234881322544,-0.04192371416113438,0.016193434132908167,1.0,0.0,0.0,6.123233995736766e-17,-0.08396731389110841,-0.4840191147332505,0.8559717615564878,0.1612058627613641,0.03522883052173302,0.03658759488963729,0.06817748507531586
28.208370299998933,-0.7054962623106286,-0.34126477187353976,0.15000000000000002,-0.43530235396117173,-0.36294557345346645,-1.0609848469148328e-16,-0.037610341941425714,0.130911330371362,1.0805412595712156e-16,-0.7153075990051022,-0.3487423067568072,0.14217386840855015,-0.03512706228288642,-0.029014220130304337,-0.0033702329510139325,1.0,0.0,0.0,6.123233995736766e-17,-0.07957665750737417,-0.48662726530030526,0.8554202493347071,0.1584855112445548,0.057336593481118865,0.03795405739992351,0.08783716570225046
28.316790400000173,-0.7088907982750244,-0.3440361953865016,0.15000000000000002,-0.4348803223698383,-0.3611485077136723,-1.0547167634508776e-16,0.0063464907446503654,0.16972476297990147,1.0927648651508528e-16,-0.7181733732742602,-0.3511703134751204,0.14159129384715816,-0.026265416562217453,-0.022423289681640427,-0.005431443003608483,1.0,0.0,0.0,6.123233995736766e-17,-0.07713797643613124,-0.48801729969564034,0.8551908899239409,0.15664414952436814,0.028469250100978838,0.017582510615182043,0.05230361659286657
28.434658900001523,-0.7125820483086014,-0.34704986713503383,0.15000000000000002,-0.43442140128547824,-0.3591943616854873,-1.0479007910942833e-16,0.05414556014036816,0.21193085121176056,1.1060569277418875e-16,-0.7209158395771433,-0.3534282818995664,0.14097587824418042,-0.02310511496560343,-0.019115217381788775,-0.005308013956231238,1.0,0.0,0.0,6.123233995736766e-17,-0.0728015074723538,-0.49069377234001854,0.8545669606082248,0.15373637218724628,0.05193703153222176,0.03090081671823212,0.07973166412939772
28.537198099998932,-0.7157937570997356,-0.3496720238462589,0.15000000000000002,-0.43402210000063735,-0.3574940845650561,-1.0419703019270165e-16,0.09573491062863441,0.2486538213114825,1.1176221790490614e-16,-0.7238610656068203,-0.35576632664640506,0.14116445543837491,-0.028504373442889735,-0.02278814054233057,0.0018134832272883174,1.0,0.0,0.0,6.123233995736766e-17,-0.06986189162038811,-0.492175063701412,0.8543117071733843,0.1517713074208358,0.03321786943709245,0.0253822808824224,0.0620948064325156
28.61953110000104,-0.718372734122368,-0.35177759516289214,0.15000000000000002,-0.4337014641940677,-0.3561287753446797,-1.0372081655410614e-16,0.12913083356894894,0.27814207888683934,1.1269089853325285e-16,-0.7253105418042973,-0.35694848070763274,0.14131255762118256,-0.01750375248397643,-0.014327051748315927,0.0017887308375133387,1.0,0.0,0.0,6.123233995736766e-17,-0.06834884689460345,-0.4929080151852527,0.8541835022835077,0.15080009323933954,0.02065419796756151,0.01683544325489309,0.03890038809571088
28.756619100000535,-0.7226655072573955,-0.3552823724069722,0.15000000000000002,-0.4331677577032804,-0.35385618327006907,-1.0292814678762259e-16,0.1847192004134492,0.32722603690871066,1.1423671116260226e-16,-0.7283428512361616,-0.35925617201686616,0.1418520995902134,-0.02186100621266444,-0.016730527801356265,0.003895858754787023,1.0,0.0,0.0,6.123233995736766e-17,-0.06411534794777529,-0.49528157327056527,0.8535882438464384,0.14823122243077722,0.04060131821436262,0.02834359782772095,0.06307284918172001
28.83382949999941,-0.7250827134058415,-0.35725586805578663,0.15000000000000002,-0.43286723434217617,-0.35257651547424845,-1.024818044879103e-16,0.2160203052918323,0.35486459161182937,1.1510713866353868e-16,-0.7308583032975393,-0.3611244713868364,0.14156386445387775,-0.03260468108395258,-0.024359561484376003,-0.003799954099959366,1.0,0.0,0.0,6.123233995736766e-17,-0.06217168606976919,-0.49647797172126074,0.8533286522923498,0.14654185826482222,0.03473077109109054,0.01639387452253502,0.06364456434014411
28.911503999999695,-0.7275145656446828,-0.3592413213093281,0.15000000000000002,-0.4325648900803947,-0.35128909404507497,-1.0203275775619375e-16,0.24751106665102934,0.3826706110431148,1.159828401705293e-16,-0.7325826314221032,-0.3623027672184335,0.14053835588571456,-0.022190252292687115,-0.015233146685821642,-0.013291025942209682,1.0,0.0,0.0,6.123233995736766e-17,-0.06225732406739956,-0.4969342555232319,0.8531862988528116,0.14578583860368194,0.010353935592403734,-0.01354085500163445,0.015773989847445588
29.01147249999849,-0.7306450429665422,-0.3617971576732947,0.15000000000000002,-0.43217568803933976,-0.34963182082619554,-1.0145470840449314e-16,0.2880485272370524,0.4184647731433183,1.1711011413256021e-16,-0.7386240720106194,-0.36699490307146304,0.14179572954221542,-0.05959621570718804,-0.046995534862125536,0.01258543428256253,1.0,0.0,0.0,6.123233995736766e-17,-0.05581854868802976,-0.4995713361841354,0.8525848628389592,0.1428699455569046,0.06650518328829898,0.07269306355938614,0.11512765493112435
29.11623580000014,-0.7339257640599299,-0.36447565855619896,0.15000000000000002,-0.4317678066799181,-0.347895008625475,-1.0084891621813838e-16,0.3305315380828047,0.4559768361767355,1.1829149035254983e-16,-0.7407101219324019,-0.3685407454776743,0.14046494415983873,-0.019790894241282334,-0.01476045209684762,-0.012736475409691195,1.0,0.0,0.0,6.123233995736766e-17,-0.05690212116754618,-0.5002163432542127,0.8523370496603725,0.14165914133676402,0.00864210150718181,-0.031190893560292327,0.009385874075364039
29.202964700001758,-0.736641052749164,-0.3666925197109347,0.15000000000000002,-0.431430223688173,-0.34645753607303986,-1.0034753233794487e-16,0.3656926004073573,0.48702369373185167,1.1926925633647732e-16,-0.744349946493648,-0.37160889335114333,0.13936914155597033,-0.04160289688310717,-0.03534744535168352,-0.01290646047645449,1.0,0.0,0.0,6.123233995736766e-17,-0.05104027628244185,-0.5033797106723706,0.8514737064874496,0.13782700838709722,0.08708290698698137,0.05964210754323877,0.14399137583128926
29.31482920000053,-0.7401440142492026,-0.36955246580313494,0.15000000000000002,-0.43099471190342636,-0.34460306990577455,-9.970070298384281e-17,0.41105346686392125,0.5270768737653281,1.2053066055155233e-16,-0.7471046699270997,-0.37398365860139227,0.14025821092748225,-0.02441859764451404,-0.02125034444964542,0.0079964034239823,1.0,0.0,0.0,6.123233995736766e-17,-0.050676395151447666,-0.5041407356971801,0.8512596164524642,0.13649573979565804,0.013198308977824447,-0.008499290468568736,0.023722292273732834
29.404655099999218,-0.7429575855006028,-0.37184956844199635,0.15000000000000002,-0.4306449097610974,-0.34311356661124665,-9.91811710177498e-17,0.4474872186477706,0.5592475030651645,1.2154381774322882e-16,-0.7493463286996316,-0.37574520775108294,0.13868186021522383,-0.024739917564922595,-0.019480262239470914,-0.01769185297207024,1.0,0.0,0.0,6.123233995736766e-17,-0.046551633771568623,-0.5073319965789458,0.8502430490772209,0.13241581528008126,0.08025378834651342,0.021383463015964388,0.12351261932648382
29.500192200001038,-0.7459476965539359,-0.3742905263738832,0.15000000000000002,-0.43026663122472053,-0.34152521716688927,-9.862890314518415e-17,0.4861332994888011,0.5933650810647441,1.226090069553584e-16,-0.7525901881265272,-0.37837022558832223,0.1401634357646256,-0.03365734843951701,-0.027517818159658446,0.015606119708032497,1.0,0.0,0.0,6.123233995736766e-17,-0.04470984393067172,-0.5083049107090063,0.8500067959931404,0.13082658128331565,0.023426815627305052,0.01301357307213204,0.0481767723205732
29.58749760000137,-0.7483090797109568,-0.37610790388891424,0.15000000000000002,-0.42737988768028606,-0.3381354877294091,-9.813826528432265e-17,0.48741983702198016,0.5919129251497375,1.1887532484816227e-16,-0.7549459437558853,-0.3800891706644955,0.13916329121624935,-0.02673011632966696,-0.019558976601108606,-0.011535614349074248,1.0,0.0,0.0,6.123233995736766e-17,-0.04166484301102535,-0.5113309339317238,0.848954863179194,0.12680834809181024,0.07638982824829184,0.0022422353562571787,0.1130893051806712
29.68981899999926,-0.7510764319158757,-0.3782377249890765,0.15000000000000002,-0.42399685511779245,-0.3341629959273065,-9.756327695088141e-17,0.4889275561181245,0.5902111145556665,1.1449974802527596e-16,-0.75775346738893,-0.38227180463871135,0.13923170940717763,-0.027227894407022078,-0.021341826967657535,0.000657806672806589,1.0,0.0,0.0,6.123233995736766e-17,-0.039983468441954564,-0.5123965466462502,0.8486580247822322,0.1250226307876636,0.023416105938652305,0.00718333010850245,0.046565195307672835
29.80342229999951,-0.7541486429061758,-0.3806021727740969,0.15000000000000002,-0.42024113880507924,-0.3297528839973526,-9.692494639282928e-17,0.4906013695088548,0.5883218280379543,1.0964214617023182e-16,-0.7598377489033253,-0.38381739742752036,0.13835514265984555,-0.018226889963206688,-0.01355351774856332,-0.007775424145377741,1.0,0.0,0.0,6.123233995736766e-17,-0.03763816986694875,-0.5152713137652506,0.847598277945485,0.1210619700960939,0.05512663920122547,-0.007844227617722084,0.07986973380937007
29.892543599999044,-0.7565587922186047,-0.3824570819002387,0.15000000000000002,-0.4172947796138184,-0.3262931514889826,-9.64241761135584e-17,0.49191447599976307,0.5868396828936195,1.0583135784613823e-16,-0.7626314004554426,-0.3859960587615645,0.1387930068410569,-0.031041167425751394,-0.024405335925328415,0.004906709999543576,1.0,0.0,0.0,6.123233995736766e-17,-0.03545476229981422,-0.5165218991448705,0.8472284105215874,0.11896263253267639,0.032294820148817155,0.01353604746164408,0.06508102892272137
29.995517700001074,-0.7593435392720983,-0.38460029049602323,0.15000000000000002,-0.41389048219785085,-0.3222956896475625,-9.584557355458608e-17,0.49343167222184897,0.585127175165467,1.014282772974427e-16,-0.7660016783970989,-0.38858918265855835,0.1400640678096637,-0.03236338465249061,-0.025114319184501535,0.012382949193034502,1.0,0.0,0.0,6.123233995736766e-17,-0.03199936422557179,-0.5194100052432649,0.8461608616649968,0.1148959674170542,0.0637934100080062,0.008610264158532895,0.10088243226748783
30.12673089999953,-0.7628925102862675,-0.3873316643111837,0.15000000000000002,-0.4095519363188912,-0.3172011959887402,-9.510818388469101e-17,0.4953652357777328,0.5829447003582383,9.58168501407936e-17,-0.768112535589078,-0.39013787302470426,0.13911122805465095,-0.015971351180301938,-0.011788599558083137,-0.007294675427401998,1.0,0.0,0.0,6.123233995736766e-17,-0.03092921018382819,-0.5205621201346059,0.8457694647924622,0.11283827126928479,0.01886413557254194,-0.004702355237365603,0.03484986608944391
30.23894940000173,-0.7659272406785211,-0.3896672661226326,0.15000000000000002,-0.4058420392854977,-0.312844886884539,-9.44776408813162e-17,0.497018628849969,0.5810784629047956,9.101851043381608e-17,-0.7707964534548829,-0.39221444031273034,0.13882601212590487,-0.023682207600637988,-0.01842080760411188,-0.0026087064844546827,1.0,0.0,0.0,6.123233995736766e-17,-0.02749542386695865,-0.5235021777391262,0.8446340418645142,0.10854863837185082,0.05978013056580715,0.005343589136174096,0.09549186956680186
30.337620300000708,-0.7685961086158631,-0.3917212913516563,0.15000000000000002,-0.4025794017647026,-0.3090137677435994,-9.392311517810448e-17,0.49847269138204053,0.5794372161846014,8.679865122354943e-17,-0.7748791362747663,-0.39535900876584473,0.14046467074202423,-0.04070439824093475,-0.03177152383049428,0.01664547064448776,1.0,0.0,0.0,6.123233995736766e-17,-0.024342334836031466,-0.5248737050128078,0.8441839690297283,0.10615305437938795,0.033951693573235936,0.025270189947038803,0.07397765181272395
30.440913099999307,-0.7713920438672413,-0.393873110654775,0.15000000000000002,-0.3991614270012361,-0.30500024541508364,-9.334218798432624e-17,0.49999598319961003,0.577717828163563,8.237788054518193e-17,-0.7768633151859151,-0.3969466398994096,0.14138959958499878,-0.018996774836255698,-0.015305408097261563,0.008941136972492169,1.0,0.0,0.0,6.123233995736766e-17,-0.022697332492228908,-0.5255456436819416,0.8439581705026649,0.10498196962557749,0.016087445329417444,0.013457318378799042,0.035551766619983376
30.627964499999507,-0.776449423028634,-0.3977653918144733,0.15000000000000002,-0.3929788824182019,-0.2977404549109882,-9.229138786917607e-17,0.5027513632789946,0.5746077428553776,7.438144590133519e-17,-0.7796493639730838,-0.3990113366706213,0.13965595622823387,-0.014706509171252337,-0.010978078677751675,-0.009327494999824902,1.0,0.0,0.0,6.123233995736766e-17,-0.019982302308126358,-0.5279177869656552,0.8430287849416441,0.10102467797309175,0.028858054141425456,-0.0006590651353429629,0.05025317214499776
30.779834900000424,-0.780556381411116,-0.4009262061860416,0.15000000000000002,-0.387958208173685,-0.29184497891158784,-9.143806202519474e-17,0.5049889315832141,0.5720821282002232,6.788776147656047e-17,-0.781060318767767,-0.40005722558517404,0.13843247409399106,-0.009199630240075864,-0.006846642860647563,-0.008052955462744874,1.0,0.0,0.0,6.123233995736766e-17,-0.018835773016928545,-0.5291915959790602,0.8425075500981535,0.09890650346462279,0.018714886328542128,-0.0038265991524439047,0.03096493906116343
30.97641840000142,-0.7858805735354646,-0.4050238330466918,0.15000000000000002,-0.381449490095217,-0.2842021824763527,-9.033182467995952e-17,0.5078896776910472,0.5688079636229856,5.946945764863235e-17,-0.7830275634276299,-0.40146897936038795,0.1376744806002917,-0.009940698655109943,-0.007179232546621664,-0.0038766910569589938,1.0,0.0,0.0,6.123233995736766e-17,-0.017692661606577807,-0.5298647264522472,0.842242440936838,0.09776508615920694,0.008146321165321997,0.002928441487544335,0.015800168724995657
30.999803800001246,-0.7865072938139267,-0.4055061721109409,0.15000000000000002,-0.38068333712565866,-0.2833025350935667,-9.020160748252212e-17,0.5082311297585139,0.5684225557925293,5.847852388891882e-17,-0.7909839130470419,-0.40752839466449053,0.1418382374479257,-0.33338078267493804,-0.2612956134338118,0.18180137068941643,1.0,0.0,0.0,6.123233995736766e-17,-0.010161686459457402,-0.532637154594486,0.8411310869004983,0.09323570305079346,0.3143695402288611,0.3171304320168257,0.6680012796403471
31.156191400001262,-0.789975843192305,-0.4080040980233534,0.15000000000000002,-0.37555718148247347,-0.27792219048359723,-8.968279760120706e-17,0.5114963266230761,0.5647370240313084,5.820066984182171e-17,-0.7947046856587029,-0.41056023789139495,0.14443836540245053,-0.023372289663762265,-0.01934121597450645,0.016695395742957888,1.0,0.0,0.0,6.123233995736766e-17,-0.006093205027572224,-0.533946083685834,0.8405681378920209,0.09115732625408,0.02266153203613256,0.02800969008887258,0.04944962689601835
31.376695499999187,-0.7948636956693592,-0.4115240995580794,0.15000000000000002,-0.36833315413892515,-0.27034012023339626,-8.895176069190175e-17,0.5160980652890926,0.5595428949438678,5.78108194950107e-17,-0.7984862219529989,-0.4133894193572756,0.14586285990219458,-0.016861915918013854,-0.012813077767753226,0.006496870138456876,1.0,0.0,0.0,6.123233995736766e-17,-0.005707779682109464,-0.5342298663312842,0.8404547042443105,0.09056357592524357,0.003003424783758927,-0.0001739228143059924,0.00632133556455898
31.469455599999492,-0.7969184193691368,-0.4130038149567351,0.15000000000000002,-0.3652963644116755,-0.26715281875291963,-8.864445214075108e-17,0.5180325143220031,0.5573594206704993,5.764693673653559e-17,-0.7978387665250811,-0.41255285637603933,0.13841532841057289,0.00733956614956951,0.009104659396982727,-0.0802384501356015,1.0,0.0,0.0,6.123233995736766e-17,-0.007891267127693516,-0.5361714828561668,0.8395656901970039,0.08710522785095587,0.04066829737203508,-0.08342505386638478,0.0360121954852952
31.721661100000347,-0.8025161354346928,-0.4170350268712142,0.15000000000000002,-0.3570231904341813,-0.25846960324079715,-8.780724662545718e-17,0.5233025642224811,0.5514109473939774,5.720046836218284e-17,-0.8022587064497736,-0.4158189873131128,0.13555261428240878,-0.01703493245938277,-0.012790810672129328,-0.011478985962822364,1.0,0.0,0.0,6.123233995736766e-17,-0.0008773735500884071,-0.5384898691992375,0.8385243594735259,0.0830950633609173,0.024857385241917315,0.027842218050719084,0.05525973067262896
32.01556830000118,-0.8090266878249912,-0.42172362058662344,0.15,-0.34740088519687906,-0.24837038976768389,-8.683351549923825e-17,0.5294320169447568,0.5444924387637547,5.668119305278998e-17,-0.8086156903025299,-0.42031316192691104,0.13466518069531755,-0.021051074174045857,-0.015271197998457619,-0.00312776178583058,1.0,0.0,0.0,6.123233995736766e-17,0.004900456344084271,-0.5392314843841661,0.8381597986212299,0.08181408039993938,0.008954777113170574,0.02801427235579517,0.028312143236048318
90.76334270000007,-0.5862645157107911,-0.29878154678129054,0.15000000000000002,0.2776401382989486,0.14113503388357396,-1.907517093559656e-16,0.39073753963307156,-1.3489661741727632,-1.7691081183445586e-15,-0.8226475357476853,-0.4302385751116492,0.14451803422281984,-0.00021742040314772483,-0.0001652791530031512,0.00017074839026265907,1.0,0.0,0.0,6.123233995736766e-17,0.011030160674002044,-0.5429042833836395,0.836387501277906,0.07476110181975303,0.0001569007458037441,3.575629342077603e-05,0.00030681857465601536
90.87358529999983,-0.5841386043970531,-0.2981154348556146,0.15000000000000002,0.27903691388733176,0.13229777272233434,-2.0100970346772675e-16,0.3538932317821519,-1.3185202511399374,-1.6968685050514996e-15,-0.8285502424613858,-0.4350840673006297,0.15010687473952453,-0.05083107544662731,-0.04348567332497346,0.051030289585902326,1.0,0.0,0.0,6.123233995736766e-17,0.01699880605911145,-0.5440913447149768,0.8357074275599301,0.07258611933405151,0.03362981146623079,0.06780282325706202,0.09030060649012495
90.96531269999832,-0.5823695879367857,-0.2975611488168291,0.15000000000000002,0.2801992008516007,0.12494409792090189,-2.0954560066897217e-16,0.3232342919504448,-1.293185544727183,-1.6367563714112308e-15,-0.8262062290696721,-0.43238785876512764,0.14058510104692162,0.02671023388871512,0.029595274155766238,-0.10336991836287246,1.0,0.0,0.0,6.123233995736766e-17,0.009798774073191227,-0.544957235742576,0.835413572926555,0.07077963978829428,0.008632121109592189,-0.15370931329694978,-0.053484887416747263
91.06847489999927,-0.5803804192096507,-0.29693788245441605,0.15000000000000002,0.2815061332251587,0.1166752659043139,-2.1914378143897484e-16,0.2887598788004804,-1.26469796033253,-1.569163344978617e-15,-0.8266731505904706,-0.3846737201184467,0.10898643565827329,0.02787183530595417,0.46188885013456626,-0.30037373059012007,1.0,0.0,0.0,6.123233995736766e-17,-0.051259386066097506,-0.5662333425483298,0.8223958834441021,0.020427628860619815,0.35987582240681415,-1.575311019008007,0.13153307099603972
91.18243390000134,-0.5781828034165067,-0.2962493033596969,0.15000000000000002,0.2829500204055283,0.10753993435469672,-2.2974776558464803e-16,0.25067285593296784,-1.2332251322510324,-1.4944871747933674e-15,-0.8249022470718917,-0.3672501992344034,0.08318806020716574,0.021963636511121723,0.15276689889590467,-0.22418072064241698,1.0,0.0,0.0,6.123233995736766e-17,-0.082277527229864,-0.571109520860824,0.8167388971798716,0.0013775080639620131,0.08953003502455766,-0.6457434399955224,-0.03227385492804982
91.27481460000126,-0.5764010925019675,-0.29569103976675576,0.15000000000000002,0.28412064793589714,0.10013348961550868,-2.3834491634634604e-16,0.21979390768502555,-1.20770862409744,-1.4339436767487418e-15,-0.8128168199910608,-0.3411135938694506,0.056637850742334225,0.14976256839595778,0.27999407576421353,-0.28036595955680466,1.0,0.0,0.0,6.123233995736766e-17,-0.12762854804784501,-0.580229460227456,0.8033969714138188,-0.039975411573335805,0.22645674850632536,-1.3483880591144914,0.17785795497471196
91.3600531000011,-0.5747576456573205,-0.29517609846353227,0.15,0.28520043259980776,0.0933017987181004,-2.4627491227159446e-16,0.1913112230643157,-1.1841722442789022,-1.3780984663875197e-15,-0.79530720179828,-0.332546759547635,0.026123594081103204,0.2189858644683665,0.10058770324118087,-0.3499705847638096,1.0,0.0,0.0,6.123233995736766e-17,-0.1594992840773781,-0.5820841257946973,0.794892125823503,-0.062326215835866464,0.107617055284601,-0.9300835427429117,0.00018273387467034746
91.48045149999962,-0.5724360164424742,-0.29444866223558935,0.15,0.2867257996231727,0.08365095225118677,-2.574772887120825e-16,0.15107491548425905,-1.150923376403184,-1.2992082532320751e-15,-0.7861549093520979,-0.3285861858910168,0.0308598278343494,0.07816104738381856,0.03288143396322709,0.03892988224405364,1.0,0.0,0.0,6.123233995736766e-17,-0.17701899710233107,-0.582288795797185,0.7891742721922081,-0.08251061182567793,0.02137413403437058,-0.44205129633516616,0.10236536005893762
91.56336340000053,-0.5708369683697258,-0.293947632402358,0.15,0.2877764132109705,0.07700382387055404,-2.6519305070491764e-16,0.1233617088796165,-1.12802284700006,-1.244871737091494e-15,-0.7762228061342697,-0.32588059895647914,0.033087734919565445,0.12241032825014782,0.03280922729291521,0.026420969027619996,1.0,0.0,0.0,6.123233995736766e-17,-0.18867286566924557,-0.5801468217799945,0.7875143876925639,-0.08748316475718261,-0.01502835482101707,-0.3028216279490363,-0.0754662747321411
91.67491230000087,-0.5686861039588288,-0.2932737019211794,0.15,0.2891895835928434,0.06806283447053481,-2.755714490508878e-16,0.08608493727180433,-1.097219561893556,-1.1717842040956797e-15,-0.7573755205279364,-0.32156009886153114,0.0336678590227666,0.17467864852842463,0.03899147722374794,0.005129540735932076,1.0,0.0,0.0,6.123233995736766e-17,-0.21378429610781285,-0.5780436706442365,0.7796226305049567,-0.11113209963982602,0.009402812878634342,-0.6316677616906048,0.07631084393168167
91.76287700000103,-0.5669896597441797,-0.29274215494867906,0.15,0.29030418882155795,0.06101083729951064,-2.8375716905357415e-16,0.05668375176960033,-1.0729241881143579,-1.114138114511622e-15,-0.7509419819328438,-0.3203643206442504,0.033231613602543744,0.0738775232516038,0.013725805332179871,-0.005027700940583154,1.0,0.0,0.0,6.123233995736766e-17,-0.22205156596744113,-0.5756598406332112,0.7788413948933335,-0.11276050520532188,-0.01798764905621518,-0.17768796426022146,-0.08988316409006675
91.863483000001,-0.5650496374338047,-0.29213428763612126,0.15,0.2915788308005246,0.05294630341955721,-2.931182074505718e-16,0.023061098378931943,-1.0451404468256444,-1.0482151098332261e-15,-0.730542346340242,-0.31603669312061916,0.03294204472994361,0.20866480193751438,0.04321089636486749,-0.0028240306878372715,1.0,0.0,0.0,6.123233995736766e-17,-0.24756212914731707,-0.5719145420456426,0.7701705562252469,-0.13588253431719566,-0.006102958894175628,-0.7068887018490443,0.06686412564974441
91.97737259999849,-0.5628535354104848,-0.29144618285099627,0.15,0.29302172339719584,0.043817264502745104,-3.0371488732073655e-16,-0.01499968924487416,-1.0136892979737817,-9.735903783632231e-16,-0.7234326094002471,-0.3148655339916144,0.03249324266538997,0.06299326575415841,0.010397828954027107,-0.004011463945974686,1.0,0.0,0.0,6.123233995736766e-17,-0.2565521974613037,-0.5692424131605165,0.7689017766655907,-0.1376012459153849,-0.00840672711523548,-0.15063615318986578,-0.07598865256640068
92.08422269999937,-0.5607928588975539,-0.2908005109495612,0.15,0.2943756381302406,0.03525117973903824,-3.136581090343094e-16,-0.05071340850162365,-0.9841776254487732,-9.035674787934036e-16,-0.7051810219667851,-0.3111660742860305,0.03194349842886961,0.17449299179758138,0.03468996877400113,-0.005070237240102729,1.0,0.0,0.0,6.123233995736766e-17,-0.279744169453819,-0.5642929524670411,0.7603826472387872,-0.15853987899186953,-0.023030641274233307,-0.6106713469185006,0.0505622075587771
92.17290950000097,-0.5591934524996892,-0.2907351687410621,0.15,0.29330899669003174,0.03068834352634289,-3.1686846866049154e-16,-0.07552023185764722,-0.9563554460842996,-8.472968673046315e-16,-0.6904316341528777,-0.3088449255830851,0.03141020463327876,0.16896113459813086,0.026542104842428103,-0.006217317244070027,1.0,0.0,0.0,6.123233995736766e-17,-0.2964424219530864,-0.5596780419206226,0.7559872304627154,-0.16542577560887922,-0.004933317669069845,-0.4178388788419649,-0.10882321467919615
92.28050240000084,-0.557281842631102,-0.2907790710540458,0.15,0.29144136985856667,0.025818744327265795,-3.194437476069868e-16,-0.10435397570258165,-0.9217260420500087,-7.79504227045363e-16,-0.6746985710100485,-0.3061942405807576,0.030638925291021406,0.14861760142140354,0.024765953681016438,-0.007085870530672685,1.0,0.0,0.0,6.123233995736766e-17,-0.3176643866133663,-0.5534452480139987,0.7474897202258214,-0.18451778528098736,-0.04029340272054487,-0.5634642863309847,0.03761122708409653
92.36556859999837,-0.5557705857209888,-0.29081377880218884,0.15,0.2899648845144883,0.021968996761081487,-3.214796798164374e-16,-0.12714900064263335,-0.8943491556884596,-7.259095591530261e-16,-0.6639742498695416,-0.3046481868427446,0.030012620492562442,0.12740739127655692,0.018450162870744524,-0.007512736255279232,1.0,0.0,0.0,6.123233995736766e-17,-0.3304462809922513,-0.548999184645128,0.7442028286430354,-0.1885929491711702,-0.008563681862539009,-0.3214204338948244,-0.11437512474724451
92.47633420000057,-0.5538026965381084,-0.29085897363416985,0.15,0.2880422732643102,0.016956032690170358,-3.2413077702250753e-16,-0.15683163282967358,-0.8587002344684411,-6.561210496682364e-16,-0.6374717410352587,-0.30074432722447353,0.030289371410004304,0.24438899364425629,0.03543113816749109,0.002332456072382105,1.0,0.0,0.0,6.123233995736766e-17,-0.3486153812950523,-0.5457395783222603,0.7328458475172683,-0.2087404904512865,0.008825038631615462,-0.5236974330637046,0.10857437840556966
92.5684102999985,-0.5521667819330692,-0.29089654428924194,0.15,0.2864439983963243,0.012788734445186412,-3.263346453482843e-16,-0.1815069305716489,-0.8290651354064299,-5.981055664167975e-16,-0.6217313210793531,-0.29922584447656836,0.030259753125839298,0.172720828779483,0.016824189899465217,-0.0004400397162609474,1.0,0.0,0.0,6.123233995736766e-17,-0.3541912534235993,-0.5451091924155842,0.7301653609053237,-0.21038790382587974,0.03503554873451732,-0.13133753064527584,-0.03232633833724739
92.6767946,-0.5502411932897896,-0.2909407676408182,0.15,0.2845627144190599,0.007883525977102523,-3.289287561938793e-16,-0.21055152309202296,-0.7941825015449213,-5.29817187953011e-16,-0.5956001090548598,-0.29620231910783423,0.05738095789252068,0.2518054456726336,0.028988864718599454,0.23850459579676156,1.0,0.0,0.0,6.123233995736766e-17,-0.35705832348289473,-0.5451875309127852,0.725186929359779,-0.22222472241976204,-0.0136296825020841,-0.19054177403540018,0.15007694283981574
92.76378660000046,-0.5486956308179373,-0.2909762632555303,0.15,0.28305271282847894,0.00394638906505132,-3.3101090410473745e-16,-0.23386399554890108,-0.7661841593216884,-4.750059200398818e-16,-0.5806960702662249,-0.2991265294921241,0.08075853490273921,0.17781835324622428,-0.031450642603322844,0.2615947374746146,1.0,0.0,0.0,6.123233995736766e-17,-0.34844719347691777,-0.5469030492989202,0.7297263534101642,-0.2167511410911291,-0.028785073659692472,0.2576248430539453,0.00743656677238262
92.86679739999818,-0.5468651966246648,-0.2910183012760331,0.15,0.28126439395193253,-0.0007164247381180044,-3.3347682495937477e-16,-0.2614733270977254,-0.7330252777535254,-4.100920645393884e-16,-0.5529045761894384,-0.29861274602479493,0.1232701147696373,0.2880797529274844,0.008493196450512745,0.3903327942315104,1.0,0.0,0.0,6.123233995736766e-17,-0.3378496211083081,-0.5492900198150841,0.7315622368642208,-0.22125731907156196,-0.05713820908140016,0.12452436550920373,0.1849993676223289
92.97633879999921,-0.5449192900776504,-0.2910629912515705,0.14999999999999997,0.27936325955288605,-0.005673390653879909,-3.360983076398746e-16,-0.29082438446816317,-0.6977745787814909,-3.410831392938793e-16,-0.5367365661234459,-0.2974700019728097,0.1426624914968577,0.15160326640233915,0.01120437481298286,0.1710209107958005,1.0,0.0,0.0,6.123233995736766e-17,-0.33030720123188756,-0.5506642642078821,0.7354135965600392,-0.21640901768035734,-0.02109033368075962,0.17870259305117772,0.003781249339358765
93.07600979999916,-0.543148306539803,-0.29110366391958986,0.14999999999999997,0.27763302346877783,-0.0101847609701749,-3.3848413787362363e-16,-0.3175369927900849,-0.6656926642245609,-2.7827762031258583e-16,-0.5257679919578134,-0.29537888546933405,0.15776821566007365,0.11248497108377221,0.021156899112668638,0.14762101342845327,1.0,0.0,0.0,6.123233995736766e-17,-0.32493201487893286,-0.5524147979690561,0.7340595964437664,-0.22452969861543665,-0.03047187317413287,-0.01216885827693559,0.195905659513614
93.15870759999962,-0.5416788740238709,-0.2911374111225537,0.14999999999999997,0.2761974002075263,-0.013927965857461158,-3.4046372517527945e-16,-0.33970115999702344,-0.6390734396999769,-2.2616619759249284e-16,-0.5301498216566901,-0.29459173711055997,0.15733311631296898,-0.05251000457728233,0.009664506475009693,-0.005289926728407449,1.0,0.0,0.0,6.123233995736766e-17,-0.318068047172105,-0.5538222787421715,0.7369811398128077,-0.22129708650853677,-0.02472153312638817,0.19502880687080582,0.029337734958483033
93.26499790000162,-0.5397907018770198,-0.2911807751613779,0.14999999999999997,0.27435267183390144,-0.01873786024287844,-3.430074293363896e-16,-0.3681813812556015,-0.6048686172442705,-1.5920474421097682e-16,-0.5366156184023269,-0.2946579059033367,0.15135671422301533,-0.060271178093463745,-0.00023813596074740047,-0.057381880059592605,1.0,0.0,0.0,6.123233995736766e-17,-0.31368551205912887,-0.5554861080055583,0.7351852398352532,-0.22921441155699768,-0.018894973793044265,-0.02598856867058691,0.17265005554298934
93.37883299999885,-0.5377683153717054,-0.29122722158686953,0.14999999999999997,0.272376817156132,-0.02388964977291596,-3.457319441416316e-16,-0.398686023132549,-0.5682324601722244,-8.748356141476419e-17,-0.5397538000629659,-0.29512687759212564,0.14559315853469829,-0.02704059997391543,-0.004058213162577983,-0.050795703310943366,1.0,0.0,0.0,6.123233995736766e-17,-0.30885899810539785,-0.5562873098419586,0.7374466709640213,-0.22654570329672788,-0.01640280971622398,0.10406695250043574,0.007964336150799906
93.46211499999845,-0.536288548014411,-0.29126120614131795,0.14999999999999997,0.27093109684142574,-0.02765918144164891,-3.4772545431521535e-16,-0.42100607579154675,-0.5414260167997702,-3.500562762243787e-17,-0.5385613481776182,-0.29574038959984367,0.1413852667411058,0.015041225230377715,-0.0071344712216302635,-0.05032249575110505,1.0,0.0,0.0,6.123233995736766e-17,-0.30407552507671537,-0.5579390045019588,0.735619762561855,-0.2347460483865985,-0.027275938516314782,-0.029749012855758372,0.23023367107850545
93.57250629999908,-0.5343273088765489,-0.29130624824738843,0.14999999999999997,0.26901498262953494,-0.032655205312351235,-3.503675927262874e-16,-0.45058840210667966,-0.505897563202131,3.4547047073547394e-17,-0.5334316508965397,-0.29599538257381985,0.14146092314053124,0.04677841720733529,-0.0022071742054658814,0.0007985794317741945,1.0,0.0,0.0,6.123233995736766e-17,-0.2984809938540767,-0.5587457695408826,0.7378464372053044,-0.2330126529429001,-0.025950109223875903,0.10781773263461791,0.02853797725478282
93.67536100000143,-0.5325000531311094,-0.2913482132711916,0.14999999999999997,0.26722976906990115,-0.03730992239700287,-3.5282923164561926e-16,-0.4781497915768689,-0.472796260199562,9.934818325088717e-17,-0.5309853295992516,-0.2959492001953048,0.1420516770275776,0.02395288224973069,0.0005387425429824485,0.0056840153238134706,1.0,0.0,0.0,6.123233995736766e-17,-0.29554959948186715,-0.5599632048487136,0.7357097185942094,-0.2404638297700819,-0.012351494210229644,-0.045998833561968655,0.1547492320091075
93.78924479999841,-0.5308198276235588,-0.29163868767336837,0.14999999999999997,0.2633468234935042,-0.03958151518116616,-3.504766918273502e-16,-0.5019490953277352,-0.44008421757317695,1.5960744305641413e-16,-0.5280920132026624,-0.2957095045438377,0.1442228217483616,0.025670808418056485,0.002142439245797608,0.01909602330051164,1.0,0.0,0.0,6.123233995736766e-17,-0.2894551524627766,-0.560808911167046,0.737720385525483,-0.23974509932116597,-0.030111675514969016,0.09979070061628213,0.04663940385671163
93.89228830000138,-0.5293855916923239,-0.29196228457412354,0.14999999999999997,0.2593592001215851,-0.0409173048019808,-3.4708221994346274e-16,-0.5218003009685855,-0.4114782868584263,2.1124651015154284e-16,-0.5269612973363937,-0.29553281927706004,0.14549500418503175,0.011175634526843036,0.0018031835205237212,0.012307476991442717,1.0,0.0,0.0,6.123233995736766e-17,-0.28618587501125553,-0.5620725710567,0.7357473387849479,-0.24667371826082302,-0.010764283955561775,-0.034000090590070364,0.15023782122812085
93.97808330000043,-0.5281915089073578,-0.29223169735346133,0.14999999999999997,0.2560392774243216,-0.04202942544811327,-3.442561295127816e-16,-0.5383275559343391,-0.3876622265642107,2.542389632808678e-16,-0.526260517762624,-0.2956146441538078,0.14559652642309687,0.008650754925395292,-0.0008855946667805971,0.0014739181730620706,1.0,0.0,0.0,6.123233995736766e-17,-0.27987018606732633,-0.5629048617284071,0.7375262718534453,-0.24670993883328002,-0.0441704057741072,0.12453136395677958,0.07887717201886812
94.07453280000118,-0.5268489341529305,-0.29253461336616415,0.14999999999999997,0.2523065007223093,-0.04327984553805447,-3.410785963352406e-16,-0.5569100826706489,-0.36088448409651885,3.025778078978754e-16,-0.5256809186157817,-0.2958683642840307,0.14528251451746327,0.006308757227318605,-0.0025422789615953878,-0.0032010914444668788,1.0,0.0,0.0,6.123233995736766e-17,-0.27664262474555285,-0.5640915912296743,0.7356905878108227,-0.2530393129227775,-0.010213591036457463,-0.02926628946366988,0.15010900887310233
94.15965330000108,-0.5256639535932645,-0.2928019724723001,0.14999999999999994,0.2490118850512838,-0.04438348873789135,-3.382740485581698e-16,-0.5733113540779883,-0.3372499682892425,3.452425391979303e-16,-0.5252024609843186,-0.2961185999500737,0.1441412765445005,0.0060230163248968845,-0.002883052797259738,-0.01315118321327477,1.0,0.0,0.0,6.123233995736766e-17,-0.27196950704099854,-0.5644911303318498,0.7370774574400853,-0.2531781442980535,-0.03942947702767706,0.09028007766031801,0.05885912394909337
94.26887160000115,-0.5241437483340684,-0.29314496604795537,0.14999999999999994,0.24478524012511355,-0.045799346730651065,-3.346761091273564e-16,-0.5943524579573354,-0.30692937362995043,3.9997689612511184e-16,-0.5240577567204494,-0.29638796924257316,0.1437344274357143,0.010824124031025683,-0.0023845745762430385,-0.003608975932910893,1.0,0.0,0.0,6.123233995736766e-17,-0.26876944394802316,-0.5655549464159957,0.7352877391350522,-0.2593502058258948,-0.009735211219410206,-0.024681456436854488,0.12934354919232283
94.36766440000065,-0.5227685508923321,-0.29345524249577043,0.14999999999999994,0.2409617621740701,-0.04708015027854468,-3.3142136634124554e-16,-0.6133865140830753,-0.2795009695015314,4.494903070056528e-16,-0.5230606410779484,-0.29655100346933344,0.14340871162083269,0.010354293163109738,-0.0016112273538299896,-0.003122550132258863,1.0,0.0,0.0,6.123233995736766e-17,-0.26482921884880367,-0.5657243434837828,0.7365174613036515,-0.25954475765963664,-0.03286944010183789,0.06398759360984443,0.0426557996271995
94.47121219999826,-0.5213271281146072,-0.29378046091583054,0.14999999999999994,0.23695415712660506,-0.04842263343892195,-3.2800988501852507e-16,-0.6333371925961895,-0.25075169665716607,5.013881335140844e-16,-0.5212017929076403,-0.29677580980828083,0.14368785131687536,0.018541996626832726,-0.002049547376198956,0.0029292257150709882,1.0,0.0,0.0,6.123233995736766e-17,-0.2608190517383866,-0.5668325858981704,0.7347183703806184,-0.2662013486809009,-0.014564258217742168,-0.01937811463957151,0.15227448607229205
94.57358210000166,-0.5199022533189873,-0.29410194572721005,0.14999999999999994,0.23299256063237944,-0.04974970447479449,-3.246375685631512e-16,-0.6530588311106855,-0.222332474412745,5.526901568219398e-16,-0.5197712129616489,-0.296925970972001,0.14422583062910901,0.014268110882624294,-0.0014240194449234524,0.005420363061351836,1.0,0.0,0.0,6.123233995736766e-17,-0.2566194505428477,-0.5669918319719961,0.7359917951036083,-0.2664259702436963,-0.03437707336760122,0.06517103730769835,0.04419733301872705
94.65978289999839,-0.5187023269582289,-0.2943726769528191,0.14999999999999994,0.22965639097121213,-0.05086726759222583,-3.2179764787393605e-16,-0.6696669667894383,-0.19839986361202233,5.958930054627936e-16,-0.5185726928786574,-0.2971308716686234,0.1439612346101738,0.014778921190055104,-0.0022214894898823696,-0.0027397633211083787,1.0,0.0,0.0,6.123233995736766e-17,-0.2529711146382266,-0.5679643110628864,0.733991731342501,-0.27327329697281405,-0.015320845730403355,-0.033682448720539715,0.1819074892302922
94.76325419999921,-0.5172618980616822,-0.2946976711302271,0.14999999999999994,0.22565154922351432,-0.052208825091675765,-3.183885188153318e-16,-0.6896038890305048,-0.16967041379363362,6.477550476935297e-16,-0.5174661913284787,-0.2973059145325151,0.14424829850433307,0.01106631327421279,-0.0016379186109782983,0.0029691080756010556,1.0,0.0,0.0,6.123233995736766e-17,-0.24846975321983222,-0.5681081290029399,0.7352901193238489,-0.2736135521504268,-0.037099930510240194,0.06724994688988817,0.0483996197957249
94.86903969999912,-0.5157892529389826,-0.2950299340356805,0.14999999999999994,0.22155713631561597,-0.05358038748751657,-3.1490314213839693e-16,-0.7099867148474088,-0.14029840920922027,7.007770217232312e-16,-0.5169236707865988,-0.297464824458711,0.14343699682350763,0.0057247994560467716,-0.0014048445267421412,-0.007492317879337386,1.0,0.0,0.0,6.123233995736766e-17,-0.24616118275085083,-0.5687882076491481,0.7331079960613687,-0.28006662253266845,-0.006318073148385988,-0.04397165545213111,0.12827067175802287
94.97051959999953,-0.5143768740412563,-0.2953485994825869,0.14999999999999994,0.21763028231626771,-0.05489582034702943,-3.1156040029703197e-16,-0.7295353981086221,-0.1121284184765608,7.516291354341428e-16,-0.5157318182515254,-0.2976619769371359,0.14350237714985206,0.012332661971440364,-0.0018618988180443183,0.0009162762066569765,1.0,0.0,0.0,6.123233995736766e-17,-0.24121877761660154,-0.5688918791589213,0.7343210593170115,-0.28097706845172593,-0.04295253926662571,0.06774603530450327,0.06285964741896065
95.07775279999987,-0.5128842037444556,-0.29568538053190707,0.1499999999999999,0.21348019317649355,-0.056286033384049014,-3.080276291231559e-16,-0.7501953916079249,-0.08235701046736243,8.053721075133804e-16,-0.5142489695618109,-0.29786646032673414,0.14357517372481615,0.01454890911270471,-0.0017945300207137423,0.0009193243277823915,1.0,0.0,0.0,6.123233995736766e-17,-0.23848539305991948,-0.5695482776451823,0.7322108262164594,-0.2874139570373577,-0.008771891320880321,-0.036867214614953514,0.13052206821087528
95.17810459999964,-0.5114872912522508,-0.296000556398903,0.1499999999999999,0.20959634061002907,-0.0575870614559556,-3.047214923322876e-16,-0.7695300049313806,-0.05449549821799471,8.556673597379467e-16,-0.5128659958523887,-0.2980622063407945,0.14365381518363776,0.014416787511276593,-0.0018590100570645403,0.0010496370634559314,1.0,0.0,0.0,6.123233995736766e-17,-0.23372713274984563,-0.5695442094185204,0.7332807416840303,-0.28860071865760695,-0.04422512189757613,0.06110092508414497,0.06573581321407453
95.26338229999965,-0.5103002408028269,-0.29626838252019033,0.1499999999999999,0.20629596999966915,-0.05869263246780339,-3.0191204565230093e-16,-0.7859599256050933,-0.030819698322299083,8.984066165562622e-16,-0.511462767790406,-0.29827640488484575,0.14362871095365215,0.01760093956021591,-0.002343709821496738,2.553162988458684e-05,1.0,0.0,0.0,6.123233995736766e-17,-0.23083886560799402,-0.5701189963741198,0.731155935245987,-0.2951080250564981,-0.01287723044496474,-0.04486194608969735,0.16731927233189328
95.3649785000016,-0.5088858003672982,-0.2965875130978532,0.1499999999999999,0.20236338428202838,-0.060009985360652024,-2.985644246749756e-16,-0.8055371425335784,-0.0026085900815251972,9.493329550767588e-16,-0.5103943691600027,-0.2984550606964911,0.14360717275446527,0.011154174390004558,-0.001667012502978083,-2.9253969823997287e-06,1.0,0.0,0.0,6.123233995736766e-17,-0.2263034765613318,-0.5700183554514038,0.7321382713239477,-0.29637706154072285,-0.043750474488236955,0.054977793056885244,0.06358535249617095
95.47492050000074,-0.5077475763516751,-0.29692184766527613,0.1499999999999999,0.19715429236554138,-0.0596909038025572,-2.920916173340806e-16,-0.8208429369854219,0.020683177556602997,9.904360561007117e-16,-0.5098322426250398,-0.2986041755684789,0.14300425159723235,0.0058166949361434465,-0.0012605175758083377,-0.005376519645305304,1.0,0.0,0.0,6.123233995736766e-17,-0.22458189739574183,-0.5703450947667877,0.7299548822253396,-0.3023827279342906,-0.004784950909265896,-0.046523688443674716,0.11067617809769012
95.5806808999987,-0.5068283350985415,-0.29723866251627773,0.1499999999999999,0.19171309816128956,-0.05860058068596063,-2.845827231756365e-16,-0.8329333935836217,0.03984992463838287,1.0237048814216624e-15,-0.5087689743152015,-0.2987913413357117,0.14295494319377486,0.010852289780615542,-0.0016571727294629308,-0.00027486334604870486,1.0,0.0,0.0,6.123233995736766e-17,-0.21980844871506905,-0.5701525123489882,0.730805685902753,-0.3041930439504143,-0.04578422048277489,0.04900940386096214,0.07157697029839791
95.68025219999981,-0.5059628480722426,-0.29753695106930556,0.1499999999999999,0.18659008722667386,-0.057574016104931014,-2.775129246283761e-16,-0.844316839759587,0.05789586293704608,1.0550282544723558e-15,-0.5075101893967788,-0.298985194437215,0.14333126277843058,0.013659099099074909,-0.0018033672049766985,0.003917287107187363,1.0,0.0,0.0,6.123233995736766e-17,-0.2171997179528879,-0.5704923317096389,0.7287402221286748,-0.31032317128041714,-0.011469779319340453,-0.038722886650568444,0.13373198525284247
95.76508069999909,-0.5052258179531135,-0.2977909671794176,0.1499999999999999,0.182227441404488,-0.05669981580791979,-2.714924363862961e-16,-0.8540107374567578,0.07326339549375582,1.081702564623253e-15,-0.5066947986181117,-0.29916223593525043,0.1434616550291508,0.010659528204749844,-0.0019374271398483382,0.0016673531505254293,1.0,0.0,0.0,6.123233995736766e-17,-0.21245619533289206,-0.5702346623164842,0.729459596228195,-0.3123835661939915,-0.05792574805751613,0.0557522782120044,0.09367761278233747
95.87598490000164,-0.5042621378214625,-0.2981230978102846,0.1499999999999999,0.1765232035570047,-0.05555678320253766,-2.6362053976884525e-16,-0.866685682980098,0.09335672060087936,1.1165797047166512e-15,-0.5062757187575743,-0.29931878297121195,0.1432722157378783,0.004705693150981391,-0.0012914259039552261,-0.0017153727267431712,1.0,0.0,0.0,6.123233995736766e-17,-0.21019644542890442,-0.5704459544444188,0.7274052363226999,-0.31826166837582953,-0.009090662715591665,-0.037252677140503176,0.11313410414039418
95.96374460000152,-0.5034994533424197,-0.2983859556495792,0.1499999999999999,0.172008703850977,-0.0546521539603937,-2.57390491878917e-16,-0.8767170034420037,0.10925916238444748,1.1441824875789054e-15,-0.5061591235906397,-0.29943812240993534,0.14279204003898707,0.002082122533294814,-0.001257703826544727,-0.005484350441997107,1.0,0.0,0.0,6.123233995736766e-17,-0.20646446848669955,-0.5700200820800116,0.7280112268465408,-0.32007683899869427,-0.049875648469717614,0.03829289268734304,0.07314618843969008
96.06665209999846,-0.5026050677921176,-0.2986942040271308,0.1499999999999999,0.16671463610099135,-0.05359131249214997,-2.500846334754049e-16,-0.8884805417309173,0.1279076527321164,1.17655174487796e-15,-0.5055154730220505,-0.2996179466624672,0.14274144508367181,0.007654430161895843,-0.0015622521534555242,-0.0005875166001749736,1.0,0.0,0.0,6.123233995736766e-17,-0.2034223234075477,-0.5701304467210343,0.7259312570900308,-0.3264880427226036,-0.016988031446897985,-0.0352777448626021,0.13834024246439153
96.17904110000018,-0.5016284136110571,-0.29903080614088273,0.1499999999999999,0.16093360195850853,-0.05243289121057585,-2.4210675731940686e-16,-0.9013261303588297,0.14827149477133625,1.211898436769682e-15,-0.5049518769325134,-0.2997246117000162,0.14292278067607533,0.005377004029518321,-0.0008952738701777226,0.001602868143615354,1.0,0.0,0.0,6.123233995736766e-17,-0.2000201766180341,-0.5697088059764261,0.7266402185552535,-0.3277465455448444,-0.03656840480025375,0.03140964228701826,0.04571460800953425
96.28452470000047,-0.5007115952696767,-0.29934678593968944,0.1499999999999999,0.15550674950985516,-0.05134544193877778,-2.346176549053469e-16,-0.9133847192516884,0.16738772264870153,1.2450795730018244e-15,-0.504199281208249,-0.29991368218869485,0.14257373266061352,0.008587928065881219,-0.001594180415386341,-0.0035084347506749917,1.0,0.0,0.0,6.123233995736766e-17,-0.19712013776943005,-0.5695918659530863,0.7243942574196528,-0.33460681006708753,-0.01834063309505081,-0.04290414641607998,0.14008479929033996
96.37026269999842,-0.499966642889545,-0.29960353244286275,0.1499999999999999,0.15109721005609505,-0.05046184495261942,-2.2853245305390504e-16,-0.9231828156589212,0.18292043923347387,1.2720406025710964e-15,-0.5029716435568532,-0.30008313868563574,0.1435877988815419,0.015051039542316319,-0.0018642895526141635,0.011781361226239247,1.0,0.0,0.0,6.123233995736766e-17,-0.19235065202866514,-0.5693019234251345,0.7252459225360004,-0.33602812158135736,-0.059170388523376166,0.06369222800986563,0.08071973991581402
96.46205479999844,-0.4991688870233907,-0.29987847757289227,0.1499999999999999,0.14637511497982444,-0.04951561711601665,-2.2201592179205093e-16,-0.9336754177291821,0.19955414106905137,1.3009126755654052e-15,-0.502261946680099,-0.30026552932865125,0.14325851159720016,0.009223285652842403,-0.0017788897747313382,-0.003924462281127962,1.0,0.0,0.0,6.123233995736766e-17,-0.1897328774530249,-0.5690593210344318,0.7229325482423331,-0.34284319309135103,-0.01970471254357356,-0.05404255961073262,0.15708674126390149
96.55937999999878,-0.49832307529206604,-0.300169985070757,0.1499999999999999,0.14136856650880741,-0.048512389639216516,-2.1510684243248483e-16,-0.9448000816767241,0.21718983733250605,1.3315239679197535e-15,-0.5019625319033099,-0.3003848909348649,0.14319815215233309,0.003487153352081872,-0.001161708063086781,-0.0007184765042947136,1.0,0.0,0.0,6.123233995736766e-17,-0.18583564061498223,-0.5686948798813585,0.723799302971801,-0.3437525524144971,-0.04608904722418912,0.04820184138561162,0.05225534300326101
96.69941710000057,-0.49710610180901815,-0.3005894128013885,0.1499999999999999,0.13416502876491737,-0.04706892274047912,-2.0516589923972752e-16,-0.9608065054830901,0.2425644850382077,1.3755682034125954e-15,-0.5017766368069773,-0.3005340299597459,0.14243108554074327,0.0021911851657240534,-0.0009453767455571217,-0.005771166410347393,1.0,0.0,0.0,6.123233995736766e-17,-0.18374178690590068,-0.5682585735038105,0.7214285096208335,-0.3505168396672318,-0.011687955019746205,-0.04136435931794019,0.0981901455504325
96.80412140000044,-0.49619598905848655,-0.3009030815303227,0.1499999999999999,0.12877786820556775,-0.045989427050711906,-1.977315719696052e-16,-0.9727768981001106,0.26154089721061463,1.4085066534838812e-15,-0.5011392614043884,-0.30066365870637746,0.14289474548801806,0.0064870446586534364,-0.001169214918033291,0.004312263300180845,1.0,0.0,0.0,6.123233995736766e-17,-0.1792795318627785,-0.5679101654939566,0.7223703173913512,-0.3514513023672106,-0.04765302009993547,0.05245358809421738,0.05454322682254675
96.89991200000077,-0.4953636224017567,-0.30118995520731623,0.1499999999999999,0.12385090413278271,-0.04500214693874667,-1.9093231975469799e-16,-0.9837247237146327,0.27889625537634494,1.4386313468778424e-15,-0.4993080724440801,-0.3009219671738087,0.143891979208997,0.021069531137104427,-0.002387930893878808,0.009734862326865948,1.0,0.0,0.0,6.123233995736766e-17,-0.17473260063117146,-0.5674633690122509,0.7199580609316697,-0.3593246910601105,-0.03646504912333208,-0.03599648742836492,0.19125809479232816
96.9780396999995,-0.4946847360816845,-0.3014239321612524,0.1499999999999999,0.11983242443821877,-0.044196911701758934,-1.8538678368822956e-16,-0.9926538764914088,0.2930514538617785,1.4632013390515765e-15,-0.4983651051364546,-0.30105703853808674,0.14457438479971718,0.01241900630663674,-0.0016652965292892744,0.0086405923653913,1.0,0.0,0.0,6.123233995736766e-17,-0.17031287444638743,-0.5672542297469697,0.7210811919376602,-0.3595247950639074,-0.06142298156962201,0.08190477840960567,0.0574318796870392
97.07147120000081,-0.49387265653126455,-0.3017038139234021,0.1499999999999999,0.11502554427691851,-0.043233694370813515,-1.7875324828981945e-16,-1.00333487293839,0.30998381334861214,1.492591809309021e-15,-0.4982753980996936,-0.30123594267557896,0.14328590515177458,0.0025924539624868678,-0.0016695150930467698,-0.014607530239933664,1.0,0.0,0.0,6.123233995736766e-17,-0.16738292071334276,-0.5665340706412659,0.7184344665215705,-0.36725198701977696,-0.02615513838543672,-0.06281590783878976,0.17458056877683914
97.15837919999831,-0.4931175067168546,-0.30196407495402994,0.1499999999999999,0.11055564393301819,-0.04233800208509632,-1.7258474789795453e-16,-1.0132670926088396,0.32572915272748454,1.519921900491408e-15,-0.49824549412375924,-0.3013188096896092,0.14322578201607464,0.0004692706891735771,-0.0009301083476807254,-0.0007554441161079688,1.0,0.0,0.0,6.123233995736766e-17,-0.16392338051481758,-0.5663078592130365,0.7197223885482643,-0.3666390832092551,-0.047390629469255055,0.06836349154550006,0.02350173377227153
97.26587319999817,-0.4925626288270064,-0.30216614004915204,0.1499999999999999,0.1047206006979014,-0.04048261909343713,-1.6385189645862055e-16,-1.0205046717272372,0.33737258882911897,1.5400142836073386e-15,-0.4981217675647603,-0.30146898602165784,0.14228942453263382,0.002326650640013243,-0.0012107979944386699,-0.009364236257227451,1.0,0.0,0.0,6.123233995736766e-17,-0.16131548654591205,-0.5653696268385043,0.7170044731371401,-0.37448509229377647,-0.022792904754171422,-0.061541669298837864,0.1499015004780997
97.37094200000138,-0.4922543503904066,-0.30228964852938955,0.1499999999999999,0.0988297195178064,-0.038208356565101444,-1.546376826252643e-16,-1.0244628466679826,0.343918178159699,1.5511880472238384e-15,-0.49743341577746336,-0.30156482710980237,0.1430870316684607,0.006627461482197998,-0.0008935137509949644,0.007569560786420671,1.0,0.0,0.0,6.123233995736766e-17,-0.15750558690706248,-0.565209259227751,0.718473574155763,-0.3735320690598363,-0.04224656887739156,0.06570418218294499,0.017219820631417616
97.46076950000133,-0.49199076067425807,-0.3023952529485855,0.1499999999999999,0.09379279343483862,-0.036263776136761246,-1.4675918150252965e-16,-1.0278472358604445,0.3495149044591527,1.5607420374817026e-15,-0.4966874040741998,-0.3016740111995816,0.14322087361017202,0.009689104266075542,-0.0009753381891215184,0.0006676402216260462,1.0,0.0,0.0,6.123233995736766e-17,-0.15418840446717624,-0.5641292303607337,0.7156893706837267,-0.38180213733137197,-0.03492846859658354,-0.06852160423215609,0.19613622012912035
97.57116880000103,-0.4916668724192314,-0.302525015336725,0.1499999999999999,0.08760362481495547,-0.03387435529403354,-1.3707840177351427e-16,-1.0320058347841583,0.3563919326735997,1.5724815896856935e-15,-0.49614515933415354,-0.3016682410931187,0.1443777928390264,0.0050345295402975795,8.111332922138698e-05,0.010416508584829967,1.0,0.0,0.0,6.123233995736766e-17,-0.1493945036486284,-0.5640668630586846,0.7172785305304983,-0.3808167090855181,-0.04734250822327993,0.07629980902890193,0.02536088725368963
97.65958229999887,-0.4914074635324382,-0.30262894475106006,0.1499999999999999,0.08264659004465306,-0.03196061809834051,-1.2932486253947187e-16,-1.035336543757633,0.3618998885993518,1.5818840429127735e-15,-0.49641930244022114,-0.3016816278327117,0.1435675332704857,-0.0020065881660657403,3.675663753891292e-05,-0.009938977962424798,1.0,0.0,0.0,6.123233995736766e-17,-0.14712071149179476,-0.562900824842334,0.7144278311490949,-0.3887042985632763,-0.025688809979403038,-0.08240269226568392,0.17983234845033566
97.76440680000087,-0.4910998925124773,-0.3027521698123373,0.1499999999999999,0.07676922686280227,-0.02969157439481642,-1.2013179286479291e-16,-1.0392856357445275,0.3684304575514227,1.5930321657274421e-15,-0.49649966885512464,-0.301639323558633,0.14401695139607706,-0.0005006870818288463,0.0004591275805859705,0.0040985289573492205,1.0,0.0,0.0,6.123233995736766e-17,-0.14126574764076671,-0.5627756667190229,0.7160000708424407,-0.3881641869699913,-0.0600773669147157,0.08916140109686821,0.04408388038570216
97.8589138999996,-0.4908225983962301,-0.3028632647538267,0.1499999999999999,0.07147042390801694,-0.02764589249482801,-1.1184367738706318e-16,-1.042845984091469,0.3743181655233444,1.6030828813771215e-15,-0.49663345763601086,-0.3016416283617496,0.14347868657297308,-0.0007823425670229508,9.193787174468799e-05,-0.006181072831199976,1.0,0.0,0.0,6.123233995736766e-17,-0.13969119949667574,-0.5616567202257582,0.7132594737433842,-0.3953340619321018,-0.016619138911139572,-0.07824007620031881,0.1481252274229955
97.959675099999,-0.49052690264518584,-0.30298173211478446,0.1499999999999999,0.06581998479825207,-0.02546445621337623,-1.0300555069293537e-16,-1.0466426022551574,0.3805965902308298,1.6138005769156554e-15,-0.49648200064898507,-0.30164713898494044,0.14366931829206137,0.0018029711273281333,1.4565274385847614e-05,0.00166322389846276,1.0,0.0,0.0,6.123233995736766e-17,-0.13353959270979765,-0.5613424531309436,0.714713749577084,-0.3952797536647953,-0.0682489978303586,0.08935303311342196,0.056218894600996494
98.07143119999819,-0.4901990442307016,-0.3031130851051287,0.1499999999999999,0.059554950548944025,-0.023045746313050036,-9.32061058422256e-17,-1.0508521764785035,0.3875579157242984,1.6256840302753299e-15,-0.49621774287882625,-0.30165282821340766,0.14383119053319252,0.0027342651261387605,2.495038181635602e-05,0.001157200396464342,1.0,0.0,0.0,6.123233995736766e-17,-0.13185628986434103,-0.5603243703057622,0.7121850214847492,-0.4017997188120335,-0.013668173686085389,-0.0567186626513968,0.11686436818141517
98.18166790000032,-0.4898755823034825,-0.3032426766895618,0.14999999999999988,0.053373928611279084,-0.020659470618481446,-8.353806873518749e-17,-1.055005301519377,0.394425891840328,1.6374081299351967e-15,-0.49604308187700796,-0.30167843404895606,0.14390046914506094,0.0018346201995035555,-0.00016867571803288062,0.0004242186001686913,1.0,0.0,0.0,6.123233995736766e-17,-0.12581709983800202,-0.5598190555093532,0.7134974323068578,-0.40211204479409823,-0.0641877098423569,0.07444431853468833,0.05529990340257193
98.26859809999951,-0.48962049537729435,-0.3033448745563002,0.14999999999999988,0.04849948202544519,-0.01877761782301272,-7.591370969822204e-17,-1.0582805182036386,0.3998420807922502,1.6466539307324356e-15,-0.49565528120067,-0.3016687427054534,0.14454700859573935,0.004976799023188568,0.00022941430401042344,0.006987343669921896,1.0,0.0,0.0,6.123233995736766e-17,-0.12290799632738218,-0.5588809362336757,0.7111636657700567,-0.40840171895065924,-0.02825199039936914,-0.04781418920735192,0.1609895077196365
98.37135900000067,-0.4893190214612735,-0.3034656568776642,0.14999999999999988,0.04273862817603309,-0.016553554284741683,-6.690287793835608e-17,-1.0621513257529553,0.4062431916513789,1.6575810598281705e-15,-0.4955222043654836,-0.3016798790045802,0.14465835432367907,0.0015553668600885033,-3.715592417709041e-05,0.0008562955067669383,1.0,0.0,0.0,6.123233995736766e-17,-0.11673210922604081,-0.5582660733649109,0.7123631361760551,-0.40896377372913967,-0.07155988751065398,0.07761285738607757,0.06475362562621381
98.47181060000003,-0.4890242684433799,-0.30358374654260145,0.14999999999999988,0.037106203718983044,-0.014379072828617008,-5.80929288389163e-17,-1.0659358395905232,0.4125015995710529,1.6682645853563249e-15,-0.49559169258063607,-0.30169796884884603,0.14437271372266192,-0.0003996745941545936,-0.000113852433062645,-0.0031062128846217514,1.0,0.0,0.0,6.123233995736766e-17,-0.11482161263415021,-0.5573781644503392,0.7101606427411082,-0.41450867369404903,-0.015313715899127348,-0.046301730538681474,0.11635374141859159
98.56147129999954,-0.48876118251585304,-0.30368914912423867,0.14999999999999988,0.032078904514052736,-0.01243820900010563,-5.0229485584448407e-17,-1.0693137603334881,0.41808762906840813,1.6778003154496627e-15,-0.4956496235475908,-0.30172329966127576,0.14409448924819784,-0.0003494322705769508,-0.0001968212295276571,-0.0033871690517128256,1.0,0.0,0.0,6.123233995736766e-17,-0.10867492274746829,-0.5565735773629165,0.711234209041887,-0.4154052407419033,-0.08467279763218681,0.08179581897766455,0.0795222927234915
98.67312479999964,-0.4884336010824099,-0.30382039114507164,0.14999999999999988,0.025819163085157693,-0.010021542472029951,-4.0438319491631733e-17,-1.0735197782282504,0.4250430735013418,1.689673729441312e-15,-0.4954358798479945,-0.30171972620911003,0.1443742175240907,0.0021311133207877835,8.839882346988685e-05,0.002298964023641465,1.0,0.0,0.0,6.123233995736766e-17,-0.10625578884540351,-0.5557590021784549,0.7092335510273792,-0.4205108903839989,-0.01735477597377963,-0.029640011254686405,0.10328240187951751
98.76075389999824,-0.4881764206607094,-0.30392342774854425,0.14999999999999988,0.020904711971434342,-0.008124245331995232,-3.275138742645424e-17,-1.0768218745787228,0.43050371305461255,1.6989954104209141e-15,-0.49545002955153467,-0.3017476382892559,0.14403172114570906,2.170315951346589e-05,-0.00025626715616203395,-0.004090926102589626,1.0,0.0,0.0,6.123233995736766e-17,-0.10110529428364373,-0.5548289979973693,0.7101864571974391,-0.42139968968000346,-0.07831418497068264,0.0655720731355827,0.06882714729210043
98.86225399999967,-0.48787867836008714,-0.3040427150378463,0.14999999999999988,0.01521516542189573,-0.005927711040222501,-2.3852090883277696e-17,-1.0806447696411259,0.4368255915736252,1.709787284554181e-15,-0.4950414779027698,-0.30173266677879795,0.14467721638605632,0.004322336785813612,0.00023431795848219417,0.00606685771564763,1.0,0.0,0.0,6.123233995736766e-17,-0.09731736423282192,-0.5539729371916894,0.7083087616632894,-0.4265466136649152,-0.031742322589461386,-0.013524054635912636,0.12852267136071166
98.97808850000001,-0.48753877508447857,-0.30417889367382617,0.14999999999999988,0.008719966369311521,-0.003420142585220061,-1.3692634066707045e-17,-1.0850089951855084,0.44404266221532224,1.722107312176011e-15,-0.49502459036429886,-0.3017540102071742,0.14447978074139148,0.00021262963880409533,-0.00015565369487837355,-0.001776220980688483,1.0,0.0,0.0,6.123233995736766e-17,-0.09313624535235954,-0.5530560460744528,0.7092289916667963,-0.42714035993038296,-0.05164328964557872,0.04025293063515985,0.03912119528995041
99.08022459999847,-0.48723905665320144,-0.3042989726788792,0.14999999999999988,0.0029926580125806818,-0.0012090297846514414,-4.734272443864855e-18,-1.0888572629951077,0.45040649936067695,1.7329708125217916e-15,-0.49490470555586275,-0.30176384859417127,0.1445499055984944,0.001467866924641922,-6.357984978971019e-06,0.00036665569282696986,1.0,0.0,0.0,6.123233995736766e-17,-0.08910115428235722,-0.5520843370733673,0.7073962662270982,-0.432266574687163,-0.03528949270176243,-0.010326643132216179,0.129327164044724
99.176017400001,-0.48471146429072537,-0.3039730223958009,0.1547738416115069,0.04939423079013446,0.006982792396615761,0.09547683223014014,0.6495753699269347,0.09182954935418526,1.2556000493023638,-0.49455634874180804,-0.30175253125801105,0.1451395786285723,0.0037576385985130887,0.0001735043056817539,0.006036709990255693,0.9999862922360195,8.555429260868827e-10,8.555434852611896e-10,0.005235966010022016,-0.08359363395246776,-0.551144836692394,0.7083023395468117,-0.4330811345954108,-0.07535943061759035,0.06537274017236441,0.06616566155412924
99.25996970000051,-0.4810103510986597,-0.3034498012697067,0.1619279273751866,0.08444385620561148,0.011937708263112187,0.16322618578806902,0.6495753699269347,0.09182954935418526,1.2556000493023638,-0.4944529515538962,-0.30176406428690217,0.14506715379830454,0.0015104162362216279,-4.479362732899561e-05,-0.001180637768098191,0.9999862922360195,8.555429260868827e-10,8.555434852611896e-10,0.005235966010022016,-0.07984176451005828,-0.5501677949718546,0.7065329542566217,-0.4378948213499885,-0.04012497801124501,-0.012863945129485105,0.14778573506231785
99.37107860000106,-0.47559735509624224,-0.3026845736970943,0.17239100581406483,0.12053049622172791,0.017039225413861644,0.23298004204725725,0.6495753699269347,0.09182954935418526,1.2556000493023638,-0.4830240999267139,-0.3029343380996954,0.15627723386511452,0.10454683288986019,-0.009690421965634638,0.09913820986607455,0.9997806832923422,3.421937156595608e-09,3.4219393931395374e-09,0.020942428595974734,-0.07543593613701616,-0.5489073872656391,0.7073775856092264,-0.4388929836782574,-0.060743316920253955,0.03716215562611777,0.04767402466674839
99.47650929999872,-0.470046292390128,-0.30189982783027264,0.1831209609973432,0.14648857815164826,0.020708882663938305,0.28315584990565695,0.6495753699269347,0.09182954935418526,1.2556000493023638,-0.4748812754343924,-0.30280137051401046,0.16612475205005622,0.0782608004140517,0.001666805315697087,0.09221762795343598,0.9997806832923422,3.421937156595608e-09,3.4219393931395374e-09,0.020942428595974734,-0.07261685188088962,-0.5479589664602482,0.7057574964658959,-0.44314119655129813,-0.024958007688364398,-0.01643134676882524,0.0987998801046048
99.56519580000167,-0.4652460332559533,-0.3012212220002453,0.19239964655805325,0.16568961468834725,0.02342330598404763,0.3202705921484971,0.6495753699269347,0.09182954935418526,1.2556000493023638,-0.4624873336660581,-0.3019216615821518,0.1858630569742851,0.14501642523431135,0.011236868153683802,0.2175006012672471,0.9988898740383211,7.697072012529013e-09,7.697077043258364e-09,0.047106470295565875,-0.06744664284687553,-0.5464157093486809,0.7064805826385679,-0.44470890400388136,-0.08777544984068229,0.048576451042937875,0.07930600276452053
99.66738880000048,-0.45971414114294323,-0.30043918625299887,0.20309254584487832,0.18781718314038767,0.026551448973033367,0.36304218929579735,0.6495753699269347,0.09182954935418526,1.2556000493023638,-0.45521476437508346,-0.30052492893814736,0.2016761241863234,0.0737038387371004,0.014155419442514826,0.15259954867440603,0.9988898740383211,7.697072012529013e-09,7.697077043258364e-09,0.047106470295565875,-0.06391561429497947,-0.5456215188979029,0.704972330117791,-0.44858217322262495,-0.029820707274224784,-0.0010898876622224551,0.10398235408305624
99.77854469999875,-0.45348370487962386,-0.2995583983093228,0.21513569963668375,0.20763426613206942,0.029352961907314293,0.401347721699502,0.6495753699269347,0.09182954935418526,1.2556000493023638,-0.45244970569944976,-0.2997018740658752,0.21208158756476675,0.025775318634145093,0.007580660334136064,0.09300108335005691,0.9988898740383211,7.697072012529013e-09,7.697077043258364e-09,0.047106470295565875,-0.059338951952435035,-0.5443811526011644,0.7057304097998934,-0.4495249027111723,-0.06088487217954,0.039666941357000954,0.04953055496374766
99.86322410000139,-0.4486715401113576,-0.2988781093966787,0.22443739825399092,0.22138330832711575,0.03129664451486883,0.4279240034632368,0.6495753699269347,0.09182954935418526,1.2556000493023638,-0.449704299209979,-0.29877015426529907,0.22363898338612692,0.03402589078493522,0.0113322823072311,0.1362789932388896,0.9988898740383211,7.697072012529013e-09,7.697077043258364e-09,0.047106470295565875,-0.055379971373217665,-0.5435635294600998,0.7042878792476092,-0.45326629188203016,-0.04129484675811532,0.007772473055077167,0.12860564508131767
99.97209419999854,-0.44248352436754274,-0.2980033183817191,0.2363985550846321,0.2390633533094441,0.03379604741475334,0.46209873726506867,0.6495753699269347,0.09182954935418526,1.2556000493023638,-0.4436620243507512,-0.29778131373410266,0.23707956073009068,0.05722220938728727,0.00946008326239351,0.12212190531163229,0.9964928563326516,1.3672742816543037e-08,1.3672751752911109e-08,0.08367787806817899,-0.050011738186857065,-0.5422899627394406,0.7050109137104587,-0.4542906931742382,-0.06925493336423412,0.04939961277814575,0.059836495045628386
100.05845739999859,-0.4375746954765787,-0.2973093641990586,0.2458871011146402,0.2530885787121984,0.03577877365092616,0.48920886877937764,0.6495753699269347,0.09182954935418526,1.2556000493023638,-0.4390681901076824,-0.2972191471907464,0.2449668497551195,0.05386910026801427,0.006711411054686565,0.09055434549714039,0.9964928563326516,1.3672742816543037e-08,1.3672751752911109e-08,0.08367787806817899,-0.04689276784450202,-0.5416704638675279,0.7037250701616642,-0.4573458237738479,-0.02974566395326763,0.004800100373469146,0.10214614016414475
100.17191939999975,-0.43100895539018236,-0.29638117482916565,0.2585783821543032,0.2691772387394293,0.038053204715299015,0.5203075268545326,0.5561044622403808,0.07861569961793624,1.074924977966493,-0.430455854530582,-0.2962320375863003,0.2590093109813169,0.07784477675026129,0.009215722524521054,0.12186580218285238,0.9964928563326516,1.3672742816543037e-08,1.3672751752911109e-08,0.08367787806817899,-0.04090298258470079,-0.5402517717760748,0.7044787162694017,-0.45843724481318454,-0.07393117074513629,0.05305838098875103,0.06376220515625594
100.27755289999914,-0.4248320412142894,-0.2955079532271281,0.27051808015218143,0.28290371468585807,0.03999369716427133,0.5468401890720399,0.4188397027760931,0.05921077512821304,0.8095983557914204,-0.42537482396755555,-0.2956050373635356,0.2675845837056022,0.0487972731483991,0.006123894920481715,0.08038831656141988,0.9964928563326516,1.3672742816543037e-08,1.3672751752911109e-08,0.08367787806817899,-0.0380664085540767,-0.5399048660561984,0.7034054423891346,-0.460732533869683,-0.01973423664189662,0.0106400886967256,0.06881147413745929
100.37813180000012,-0.4189526156688049,-0.2946767871711182,0.2818827459731936,0.29596910478693483,0.041840732844293294,0.5720950020076225,0.28818580176532493,0.040740418327993355,0.5570502264355932,-0.4174188905377785,-0.2944995085293412,0.2831874062348995,0.08171403161851812,0.011645602069409278,0.15309005518431634,0.9914448542645943,2.1327641624938174e-08,2.1327655564471617e-08,0.13052624621989486,-0.03130705362003041,-0.53826271024547,0.7040679073854238,-0.4621487909134288,-0.09290126738085021,0.06484411796885128,0.08552987154163297
100.48041690000173,-0.41297354201356606,-0.29383153400307116,0.2934400271200215,0.3092559351319099,0.04371907321773113,0.5977778490005734,0.15531749831557407,0.021957014593615043,0.3002217565060855,-0.4111487409987923,-0.29357135071766804,0.2954917653209228,0.06287908956195688,0.009431465912570002,0.11891571719679694,0.9914448542645943,2.1327641624938174e-08,2.1327655564471617e-08,0.13052624621989486,-0.027699803461772088,-0.5380641300221535,0.7031390890834449,-0.4640206183722721,-0.026340142063239785,0.027731919265909642,0.07219363509725497
100.58434539999871,-0.40689722887430724,-0.2929725342269931,0.30518526782717487,0.3227588532191519,0.0456279616090157,0.6238783839053587,0.020288317443154402,0.0028681306807693263,0.039216407458232405,-0.40641679568099753,-0.29284273865719007,0.30628862966165865,0.04665830702985443,0.007321336552797904,0.10319194521920287,0.9914448542645943,2.1327641624938174e-08,2.1327655564471617e-08,0.13052624621989486,-0.021231686602823444,-0.5365965126065766,0.7038689870831301,-0.4649535967868493,-0.085463346495947,0.06512264050517502,0.07260537588794051
100.6681494000004,-0.4022928368508804,-0.2923216178527949,0.31408535104965357,0.3247876849634673,0.04591477467709263,0.6278000246511819,0.0,0.0,0.0,-0.40185183029147137,-0.2921751966795436,0.3164072170980443,0.05573237789525493,0.008265811141298,0.11985249856562219,0.9914448542645943,2.1327641624938174e-08,2.1327655564471617e-08,0.13052624621989486,-0.01727834456224035,-0.536470977375771,0.7030944174115428,-0.4664317629057834,-0.036382735448376995,0.04581694272271873,0.08417834093533691
100.76217299999917,-0.39720206595856256,-0.29160194278728324,0.3239255828061322,0.3247876849634673,0.04591477467709263,0.6278000246511819,0.0,0.0,0.0,-0.3966735824215257,-0.2914657682789662,0.32683416414070565,0.05624946878283325,0.007897458677253194,0.11008300906581577,0.9914448542645943,2.1327641624938174e-08,2.1327655564471617e-08,0.13052624621989486,-0.01077252448966999,-0.5350339450577796,0.7037914561073009,-0.4672260873093387,-0.0941077614893243,0.07416354855089143,0.07896502864400474
100.88666100000046,-0.3904647893105932,-0.2906495035368124,0.3369484363239703,0.3247876849634673,0.04591477467709263,0.6278000246511819,0.0,0.0,0.0,-0.39309699535477255,-0.29098958340120146,0.33370328353871065,0.029156732932633746,0.003934734243454236,0.05493818868888627,0.9914448542645943,2.1327641624938174e-08,2.1327655564471617e-08,0.13052624621989486,-0.007670873483626655,-0.5350438340365165,0.7030934276797021,-0.4683256188947069,-0.017216109971476892,0.025652178747728103,0.04445681355850331
100.97646320000058,-0.3856041521456666,-0.2899623621501561,0.34634382990948936,0.3247876849634673,0.04591477467709263,0.6278000246511819,0.0,0.0,0.0,-0.38822008793346746,-0.29032877932977147,0.3431478165203371,0.05528740075144137,0.007681139670997806,0.10442911572392861,0.9832548936681041,2.9776812638332664e-08,2.9776832100159835e-08,0.18223560046742635,-0.0013435663003226745,-0.5335467005345865,0.7037172480077809,-0.4691568480099253,-0.09680652092714762,0.07353992165839597,0.08187278564645835
101.07113789999858,-0.3804791269787456,-0.2892378446063949,0.35625027364208617,0.3247876849634673,0.04591477467709263,0.6278000246511819,0.0,0.0,0.0,-0.37854914483252267,-0.28900391076116416,0.35968965843012807,0.10557360331116665,0.014838213719998914,0.17202944718912816,0.9832548936681041,2.9776812638332664e-08,2.9776832100159835e-08,0.18223560046742635,0.003676740028607692,-0.533295479499544,0.7030824947554438,-0.47038007897505046,-0.04612599068028221,0.05848196364224586,0.08137532533189115
101.17172310000024,-0.37503471642899305,-0.2884681760037519,0.36677407499166703,0.3247876849634673,0.04591477467709263,0.6278000246511819,0.0,0.0,0.0,-0.37373907345351814,-0.28831158744860536,0.3682324466148529,0.048619483561293086,0.007129027947949462,0.08441493208782334,0.9832548936681041,2.9776812638332664e-08,2.9776832100159835e-08,0.18223560046742635,0.009307196255646286,-0.5322111286127722,0.703815406317569,-0.47043444230690973,-0.07557307501974778,0.06788205997465702,0.05386460113386153
101.26208129999941,-0.37062327377845505,-0.2878445366089173,0.37530119573230275,0.3247876849634673,0.04591477467709263,0.6278000246511819,0.0,0.0,0.0,-0.3693311716609021,-0.28764696868132805,0.37828679958554773,0.04998841353497212,0.007664457901650641,0.11065538531570952,0.9832548936681041,2.9776812638332664e-08,2.9776832100159835e-08,0.18223560046742635,0.014006106219072842,-0.5319788342133435,0.7032695616417145,-0.47139608887416823,-0.045568028638486,0.0596014229267155,0.07620866322800107
101.36370689999967,-0.36590817320175884,-0.28717796952345903,0.3844152736217265,0.3247876849634673,0.04591477467709263,0.6278000246511819,0.0,0.0,0.0,-0.3648938615244283,-0.28699514020985145,0.3882420493795822,0.044734407859565915,0.0067108130529900945,0.09750349870927827,0.9832548936681041,2.9776812638332664e-08,2.9776832100159835e-08,0.18223560046742635,0.020046342497301767,-0.5309632919710349,0.7039982122553508,-0.47123523199462947,-0.07768054365952648,0.07553895361044902,0.054686567732842445
101.46314740000162,-0.36129457805642706,-0.2865257521169614,0.3933331460659839,0.3247876849634673,0.04591477467709263,0.6278000246511819,0.0,0.0,0.0,-0.3611955109272007,-0.28647316168957093,0.39620716176885795,0.03795793146712434,0.005452542771986496,0.07992458105683027,0.9832548936681041,2.9776812638332664e-08,2.9776832100159835e-08,0.18223560046742635,0.024373031781230344,-0.5308021474029256,0.7034913146170612,-0.4719692849037878,-0.03741687646832555,0.052223087132064305,0.06169260626386158
101.56776660000105,-0.35643983269458934,-0.2858394436461568,0.40271715106044587,0.3247876849634673,0.04591477467709263,0.6278000246511819,0.0,0.0,0.0,-0.356320389525938,-0.2858027814634898,0.4058391872410122,0.047618075402201386,0.006714106123121595,0.09167654445700207,0.9723698975110486,3.8144367410142805e-08,3.8144392340920167e-08,0.2334454591855448,0.030788522267260497,-0.5297483969917377,0.7041702884353984,-0.47176573388292053,-0.07903776014160722,0.07844965258208582,0.05694150836353788
101.66049610000118,-0.35213735167261123,-0.2852312080023121,0.41103365386123075,0.3247876849634673,0.04591477467709263,0.6278000246511819,0.0,0.0,0.0,-0.3513522731117026,-0.2851230871020514,0.41473720836341965,0.05446928281001968,0.007603911613740768,0.09526709799630609,0.9723698975110486,3.8144367410142805e-08,3.8144392340920167e-08,0.2334454591855448,0.03542048276907265,-0.5296097784560944,0.7037050375919522,-0.47229026247827904,-0.04330418868604772,0.06318194490786735,0.06575590967669707
101.78423710000061,-0.34639565754157164,-0.28441951284114514,0.42213209103692484,0.3247876849634673,0.04591477467709263,0.6278000246511819,0.0,0.0,0.0,-0.34583481161443014,-0.28435450167215665,0.42490310813007603,0.0455772603338167,0.006512856986873566,0.08175220783716008,0.9723698975110486,3.8144367410142805e-08,3.8144392340920167e-08,0.2334454591855448,0.042190430744423385,-0.5286236653173932,0.7044763923396516,-0.4716884572004216,-0.06986977151460969,0.07409949273848487,0.045964694441571544
101.87840249999863,-0.3420263073749972,-0.28380182400110754,0.4305778488943808,0.3247876849634673,0.04591477467709263,0.6278000246511819,0.0,0.0,0.0,-0.34177727779043154,-0.2837720547506738,0.4325780450035283,0.04388494338014466,0.006405652555497369,0.08131027151236293,0.9723698975110486,3.8144367410142805e-08,3.8144392340920167e-08,0.2334454591855448,0.04656176202427326,-0.5286264212865825,0.7040915560807695,-0.4718486936409765,-0.039187146439067955,0.06408437142296886,0.05551944621720104
101.98724660000153,-0.3374832839536721,-0.2831595832192061,0.4393593093620693,0.3247876849634673,0.04591477467709263,0.6278000246511819,0.0,0.0,0.0,-0.3349255856834808,-0.2827938350759047,0.44610491265735674,0.06498725669638279,0.009581247525210772,0.12362287923876374,0.9723698975110486,3.8144367410142805e-08,3.8144392340920167e-08,0.2334454591855448,0.054671176785360764,-0.5274742218018994,0.7048586994977786,-0.4711222999452317,-0.09329880077538355,0.10116251434418608,0.06398830850853995
102.0883861000002,-0.3333769648338272,-0.28257907870543086,0.4472966400060997,0.3247876849634673,0.04591477467709263,0.6278000246511819,0.0,0.0,0.0,-0.3308930634781504,-0.2822086853132716,0.4534368360674295,0.04051414680880278,0.0059680188664555395,0.07221967040743447,0.9723698975110486,3.8144367410142805e-08,3.8144392340920167e-08,0.2334454591855448,0.0585803656206838,-0.5276940775763066,0.7044931952685249,-0.47095290536844747,-0.02962496202177506,0.05869283665745538,0.04164262896016149
102.18725600000107,-0.32936356341071243,-0.282011709834743,0.45505436491075546,0.3247876849634673,0.04591477467709263,0.6278000246511819,0.0,0.0,0.0,-0.32655976513737767,-0.2815823540140791,0.46312213066536356,0.04499153826385589,0.006705035219578858,0.09789547184799341,0.9723698975110486,3.8144367410142805e-08,3.8144392340920167e-08,0.2334454591855448,0.0668209982347255,-0.5264441059015542,0.7051763453597046,-0.4702317295776185,-0.10452061824123239,0.1123417545201795,0.0730510688872445
102.2840647999983,-0.3254329341291582,-0.28145604234438837,0.46265209497903675,0.3247876849634673,0.04591477467709263,0.6278000246511819,0.0,0.0,0.0,-0.3230216171746114,-0.2810745743906607,0.47003254622961116,0.0371539841170088,0.005416742995174646,0.07119633715121482,0.9723698975110486,3.8144367410142805e-08,3.8144392340920167e-08,0.2334454591855448,0.07090695013149133,-0.5267782533236903,0.704833400927097,-0.46977308691094066,-0.03163170236015527,0.06821902502470496,0.040687586075875345
102.37241129999893,-0.32184609667186675,-0.28094897621694753,0.4695852908739508,0.3247876849634673,0.04591477467709263,0.6278000246511819,0.0,0.0,0.0,-0.31970115872862154,-0.2806180364143745,0.4772133318752969,0.03825788251386317,0.005423618061132174,0.08119223932333366,0.9588197008361098,4.640737103527914e-08,4.6407401366673104e-08,0.28401545959427754,0.07864235023495846,-0.5254988253500248,0.705414068937378,-0.4691027143925714,-0.11064730710490578,0.11669288547227091,0.07773893352825564
102.47239750000153,-0.3177868555269733,-0.280375127049764,0.4774316219043772,0.3247876849634673,0.04591477467709263,0.6278000246511819,0.0,0.0,0.0,-0.3160219047624625,-0.2801089461387659,0.4839417153959682,0.037380946385122744,0.005261563418575799,0.06714253483781232,0.9588197008361098,4.640737103527914e-08,4.6407401366673104e-08,0.28401545959427754,0.08270956697414887,-0.5258640767343243,0.7050793230572054,-0.4684967967110321,-0.03038885853309431,0.06772522408406893,0.03684027203639701
102.55912140000146,-0.31426566984045173,-0.27987734202010367,0.48423791587161386,0.3247876849634673,0.04591477467709263,0.6278000246511819,0.0,0.0,0.0,-0.31289111963845984,-0.2796844104876415,0.4900769290632652,0.03658589214239705,0.005096025470858313,0.07061555391812038,0.9588197008361098,4.640737103527914e-08,4.6407401366673104e-08,0.28401545959427754,0.08961912649871438,-0.5247058594089387,0.7056961249405349,-0.4675950732326502,-0.10265205228135627,0.10934822047525786,0.06487210379530185
102.67278449999867,-0.30965002679270615,-0.27922483510454443,0.4931597468193658,0.3247876849634673,0.04591477467709263,0.6278000246511819,0.0,0.0,0.0,-0.30838855922658037,-0.2790589322923786,0.4982841693353862,0.04039558680365746,0.005729955191440716,0.07201984984760942,0.9588197008361098,4.640737103527914e-08,4.6407401366673104e-08,0.28401545959427754,0.09422818244267482,-0.5250478878591998,0.7054521569710521,-0.4666722825635064,-0.03285247324833798,0.06895308521893648,0.032643171091462725
102.7659339999991,-0.3061673708495553,-0.27873249697009334,0.4998915645211595,0.3247876849634673,0.04591477467709263,0.6278000246511819,0.0,0.0,0.0,-0.3050313867870603,-0.2785832990993039,0.5045068823921856,0.036538394667055704,0.005297902609015722,0.06669623041661092,0.9588197008361098,4.640737103527914e-08,4.6407401366673104e-08,0.28401545959427754,0.10042385564866615,-0.524007063062726,0.706002427519574,-0.46571688761897057,-0.08600683658268066,0.09290706722791035,0.05212633735139696
102.87292149999848,-0.30230595562802665,-0.27818661417330215,0.5073555069164409,0.3247876849634673,0.04591477467709263,0.6278000246511819,0.0,0.0,0.0,-0.2991201780086257,-0.2777494800426561,0.5157339226012716,0.05683213446312703,0.008254148072312036,0.10464614370524843,0.9588197008361098,4.640737103527914e-08,4.6407401366673104e-08,0.28401545959427754,0.10643942920450931,-0.5241499125094824,0.7058077992010365,-0.46451358184008934,-0.05083076262146069,0.0927726935050854,0.04462607736937266
102.98947899999985,-0.29809939214251735,-0.2775919382556368,0.5154866054222127,0.3247876849634673,0.04591477467709263,0.6278000246511819,0.0,0.0,0.0,-0.2954784293718716,-0.2772075975582442,0.5222362722350263,0.03164523133789279,0.004806876031724806,0.05559588317263259,0.9588197008361098,4.640737103527914e-08,4.6407401366673104e-08,0.28401545959427754,0.11227456611588899,-0.5232891462573149,0.7062763412506998,-0.46339682886517924,-0.06311080421331053,0.07276390815044742,0.03684919600233082
103.0831032999995,-0.29472117077740945,-0.27711436388946065,0.5220165557697157,0.3247876849634673,0.04591477467709263,0.6278000246511819,0.0,0.0,0.0,-0.291641989170023,-0.27665224461485516,0.5305957868548382,0.042033856046565246,0.0062418842652524915,0.08939930773600202,0.9588197008361098,4.640737103527914e-08,4.6407401366673104e-08,0.28401545959427754,0.11867612594571926,-0.5232987291507099,0.7060687767095818,-0.4621052907678104,-0.06407052062344824,0.11181493200154032,0.05441688176297144
103.18180819999907,-0.291158628792268,-0.2766107323784818,0.5289027896068891,0.3247876849634673,0.04591477467709263,0.6278000246511819,0.0,0.0,0.0,-0.2871663715366811,-0.2760048460646079,0.5393621102819863,0.046287022144982405,0.006888132424912874,0.08856381379947308,0.9426414438214109,5.4543175176316466e-08,5.45432108251907e-08,0.33380699272226144,0.12558795696755312,-0.5224451386032622,0.7064760042927509,-0.46061958010171783,-0.08476446900972773,0.10536360519319102,0.050409910886168634
103.28230070000063,-0.28753167419170794,-0.2760979949473582,0.5359135301400361,0.3247876849634673,0.04591477467709263,0.6278000246511819,0.0,0.0,0.0,-0.2844807874262371,-0.27562688360690635,0.5447548541273141,0.02704528815956972,0.003882074983563928,0.05351603842359779,0.9426414438214109,5.4543175176316466e-08,5.45432108251907e-08,0.33380699272226144,0.13097468279982155,-0.5225049093619988,0.7062196478797221,-0.459443207705519,-0.04867988011802607,0.08898057169311704,0.04171989870814955
103.40027719999853,-0.2832741515183485,-0.2754961150015348,0.544143130469829,0.3247876849634673,0.04591477467709263,0.6278000246511819,0.0,0.0,0.0,-0.2814638622758591,-0.2752075726922084,0.550955595468378,0.025979605930614717,0.003704228999255249,0.05251478694510768,0.9426414438214109,5.4543175176316466e-08,5.45432108251907e-08,0.33380699272226144,0.1376674413457757,-0.5217484619679761,0.7066893537744903,-0.45762033968034266,-0.06944048558627251,0.08921160429400511,0.035642938912473277
103.50736079999842,-0.2794096399876111,-0.27494979448389945,0.5516130578919065,0.3247876849634673,0.04591477467709263,0.6278000246511819,0.0,0.0,0.0,-0.2780968209954082,-0.2747496979498686,0.5572454518319333,0.031928167413316964,0.004442344909666018,0.05866510529285358,0.9426414438214109,5.4543175176316466e-08,5.45432108251907e-08,0.33380699272226144,0.14307922469496082,-0.5218258605446867,0.706480017143844,-0.4561930425860526,-0.046854741501777035,0.08650082868698622,0.03559875727571137
103.6049529999982,-0.27590643274295634,-0.2744545510410837,0.5583846003375502,0.3247876849634673,0.04591477467709263,0.6278000246511819,0.0,0.0,0.0,-0.2757486194375489,-0.2743732621628164,0.5606094853319129,0.024190638080483086,0.003910694929195719,0.034378125127520504,0.9426414438214109,5.4543175176316466e-08,5.45432108251907e-08,0.33380699272226144,0.14636282161289643,-0.5220513258098951,0.7063391770903794,-0.4551102114619358,-0.029066791094522187,0.06156259601314882,0.02011170643661824
103.72582369999873,-0.271976586199657,-0.2738989942053267,0.5659808174078994,0.3247876849634673,0.04591477467709263,0.6278000246511819,0.0,0.0,0.0,-0.2711261125275779,-0.2737323087639563,0.5689066796661038,0.03876379228077847,0.0055384216833946655,0.06810790487248543,0.9426414438214109,5.4543175176316466e-08,5.45432108251907e-08,0.33380699272226144,0.15275904469216225,-0.5211790138561871,0.7068330306098836,-0.4532374395606323,-0.06685059404436028,0.082520391324606,0.03169996869203634
103.80925520000164,-0.26926970494901564,-0.2735163262395914,0.5712130974312988,0.3247876849634673,0.04591477467709263,0.6278000246511819,0.0,0.0,0.0,-0.26699465974812675,-0.27313912387746386,0.5760959713981422,0.05070789818994152,0.0074438453808451065,0.0865975746340919,0.9426414438214109,5.4543175176316466e-08,5.45432108251907e-08,0.33380699272226144,0.1574267833833589,-0.5212428687599544,0.7066314012696497,-0.4518791236383389,-0.052469250984928884,0.09810340580038238,0.03761169342879128
103.87947050000002,-0.26698987728169815,-0.2731940302336352,0.5756199020362929,0.3247876849634673,0.04591477467709263,0.6278000246511819,0.0,0.0,0.0,-0.2629097737613636,-0.2725315886614069,0.5827178333088383,0.05931903683341989,0.008971498735611936,0.09447794324690924,0.9426414438214109,5.4543175176316466e-08,5.45432108251907e-08,0.33380699272226144,0.16031401234646717,-0.5215680037590802,0.7064672153755427,-0.45074417189762045,-0.03345330251045474,0.08019728280164272,0.02080041658002491
104.03975849999915,-0.26178110127979853,-0.2724576729530395,0.5856882323757355,0.3247876849634673,0.04591477467709263,0.6278000246511819,0.0,0.0,0.0,-0.2575818318727292,-0.2717796558013826,0.5933782093270189,0.03398678916775639,0.004981267184524676,0.06600491836941978,0.9426414438214109,5.4543175176316466e-08,5.45432108251907e-08,0.33380699272226144,0.16719944828212996,-0.5205570185153191,0.7069010922650812,-0.44872662136653785,-0.05425710289351002,0.06673322234663528,0.02656409997650743
104.15863420000096,-0.25792102887492047,-0.27191197998833494,0.593149579166672,0.3247876849634673,0.04591477467709263,0.6278000246511819,0.0,0.0,0.0,-0.2562439953652531,-0.2715531218159443,0.5959519511945374,0.011388072492052741,0.0019414408624793362,0.02175152337945779,0.9238794699817857,6.252948014106395e-08,6.252952100970733e-08,0.38268358332461416,0.1702040444506294,-0.5208217331184506,0.7066475095745017,-0.44768806414321116,-0.02033605453444489,0.04780235469248491,0.015240898227895669
104.33359930000006,-0.25223817003294446,-0.2711086022885912,0.6041342903680311,0.3247876849634673,0.04591477467709263,0.6278000246511819,0.0,0.0,0.0,-0.25520241735759797,-0.271374717786581,0.5982045761706647,0.0059798927168285675,0.0010285062080713904,0.012843197569410478,0.9238794699817857,6.252948014106395e-08,6.252952100970733e-08,0.38268358332461416,0.17189359819054237,-0.521297952111339,0.7064420749095214,-0.4468116278960996,-0.005270565685392873,0.021657192325123406,0.003097821708259958
104.49833600000056,-0.24688780283982312,-0.2703522284619804,0.614476310128147,0.3247876849634673,0.04591477467709263,0.6278000246511819,0.0,0.0,0.0,-0.24993497064077552,-0.2707237814112592,0.6127702839086274,0.03360093824389868,0.0044762019901927,0.08838605142984543,0.9238794699817857,6.252948014106395e-08,6.252952100970733e-08,0.38268358332461416,0.18234075730515853,-0.5197600813144996,0.7068125382092835,-0.4438663559310127,-0.07848920833530593,0.0988542196916191,0.042331112818486435
104.71647419999863,-0.240148329938121,-0.26939947873023234,0.6275034089059238,0.3247876849634673,0.04591477467709263,0.6278000246511819,0.0,0.0,0.0,-0.24493969383052738,-0.26998917158279506,0.6207494964094241,0.02334100722167528,0.003509657466594447,0.036506743841078236,0.9238794699817857,6.252948014106395e-08,6.252952100970733e-08,0.38268358332461416,0.1857966339045103,-0.5202133141088752,0.7066804461877799,-0.4421091105478993,-0.013479794427058737,0.03284828773020671,0.004881338793428172
104.72659239999848,-0.23984935401628052,-0.269357212927923,0.6280813159504064,0.3247876849634673,0.04591477467709263,0.6278000246511819,0.0,0.0,0.0,-0.22958120191871015,-0.2677062081404948,0.645137545014793,1.6429985763618984,0.2605210603787785,2.441153007894943,0.9238794699817857,6.252948014106395e-08,6.252952100970733e-08,0.38268358332461416,0.19104358942139388,-0.520405075809979,0.7066199933222558,-0.43973752290366935,-0.5279985247113297,1.0179803704173738,0.21241368172650443
104.89118120000057,-0.23498725284615712,-0.268669864576927,0.6374795393922938,0.3247876849634673,0.04591477467709263,0.6278000246511819,0.0,0.0,0.0,-0.2199421891094873,-0.26603703390201305,0.6574262763726124,0.059516846280780286,0.010560084442004068,0.0734942179702807,0.9238794699817857,6.252948014106395e-08,6.252952100970733e-08,0.38268358332461416,0.19473818145188362,-0.5207993384388899,0.7064899515632153,-0.4378550423446481,-0.01982911438967436,0.045653852912919936,0.006951738505972164
105.21193009999843,-0.22551137431211943,-0.2673302730594506,0.6557959874987841,0.3247876849634673,0.04591477467709263,0.6278000246511819,0.0,0.0,0.0,-0.2150791509014784,-0.2652688619263772,0.6642784606703168,0.015364825320848761,0.0025003626678067694,0.021328904848595728,0.9025852046261849,7.03443960045224e-08,7.034444198091669e-08,0.43051126395240585,0.20349982784791407,-0.5191474636361711,0.7067560456730522,-0.4353959381650114,-0.035155408157635654,0.041700608583144526,0.01902319158787316
105.38821249999819,-0.2203137881318509,-0.2665954976680787,0.6658426884150035,0.3247876849634673,0.04591477467709263,0.6278000246511819,0.0,0.0,0.0,-0.21940975989332845,-0.26612293658658165,0.6592291077312116,-0.024395190304398302,-0.004761020013506057,-0.02878486647551188,0.9025852046261849,7.03443960045224e-08,7.034444198091669e-08,0.43051126395240585,0.19957771722208403,-0.5195892227056397,0.7066877972029274,-0.4367930078664782,0.026563967105353442,-0.037433262157713885,-0.01256535962915207
105.64440029999969,-0.21274831961856458,-0.26552597810746714,0.6804663996547727,0.3247876849634673,0.04591477467709263,0.6278000246511819,0.0,0.0,0.0,-0.2277308599805362,-0.267495843566847,0.6603603144907454,-0.03246001946903976,-0.005338816846474967,0.00363475861411411,0.9025852046261849,7.03443960045224e-08,7.034444198091669e-08,0.43051126395240585,0.20915333207389988,-0.5199299389810622,0.7063985789465907,-0.432352622168261,-0.03612104989944036,0.07205949386639687,0.01486785408518868
105.90215410000019,-0.20563351197995022,-0.26452016783595217,0.6942190036410135,0.3247876849634673,0.04591477467709263,0.6278000246511819,0.0,0.0,0.0,-0.2259634045935146,-0.2678416135842922,0.680399543589583,0.008506882633119392,-0.0009005864277749306,0.07786325574582824,0.9025852046261849,7.03443960045224e-08,7.034444198091669e-08,0.43051126395240585,0.22106662257076315,-0.5184395634310582,0.7067292640680308,-0.42764905561035554,-0.05747127307667063,0.0787903779926204,0.023915552522051263
105.92927849999978,-0.20490281817919456,-0.264416870689007,0.6956314019780332,0.3247876849634673,0.04591477467709263,0.6278000246511819,0.0,0.0,0.0,-0.2089336961870797,-0.2652176903063096,0.7056051802980446,0.6742302068909936,0.11079917460315775,0.9314054915997992,0.9025852046261849,7.03443960045224e-08,7.034444198091669e-08,0.43051126395240585,0.22086586198130723,-0.5189978168095507,0.7067394956419245,-0.4270583361298226,0.02611597258883755,0.030471832920814707,-0.048539079181771895
106.19686390000061,-0.19765991747628248,-0.26339295208254826,0.7096316041111459,0.3247876849634673,0.04591477467709263,0.6278000246511819,0.0,0.0,0.0,-0.19860967210815167,-0.26338314124134327,0.7181308562130251,0.039524074255240696,0.007199405813904342,0.04637973156988176,0.9025852046261849,7.03443960045224e-08,7.034444198091669e-08,0.43051126395240585,0.22160576629327278,-0.5195082474492188,0.706644038869059,-0.4262115290658341,-0.0007067676816235454,0.008990410021717174,-0.002139747922712675
106.37851750000118,-0.1927432625553921,-0.26269789154512946,0.7191352775059162,0.3247876849634673,0.04591477467709263,0.6278000246511819,0.0,0.0,0.0,-0.16449772255550352,-0.2572729132211678,0.7489669901559382,0.19686465149716623,0.03827628273269621,0.16388556628818954,0.8788170139043617,7.796650260769696e-08,7.796655356582396e-08,0.47715894214843013,0.23029391320899464,-0.5187285396544273,0.7066177541196589,-0.42258344176004176,-0.056291519146186006,0.08471250085434957,0.02373488525349379
106.6489819999988,-0.18542307050313703,-0.26166304637016496,0.7332848803499219,0.3247876849634673,0.04591477467709263,0.6278000246511819,0.0,0.0,0.0,-0.17400817320398965,-0.25888338177746073,0.7378004592512059,-0.03426415781211503,-0.005592467690735578,-0.041477511844196256,0.8788170139043617,7.796650260769696e-08,7.796655356582396e-08,0.47715894214843013,0.23023310443120037,-0.5197833732759143,0.7063630916289222,-0.4217453559605776,0.005258984589696684,0.006595788900258599,-0.005597320244338792
107.02064389999941,-0.17561508285807523,-0.26027650505838656,0.7522432804691902,0.3247876849634673,0.04591477467709263,0.6278000246511819,0.0,0.0,0.0,-0.16700658848405475,-0.25830143343736245,0.7472428910726244,0.019183545541545187,0.0017586133280380516,0.02533443191285028,0.8788170139043617,7.796650260769696e-08,7.796655356582396e-08,0.47715894214843013,0.2388082248856566,-0.5191276003563243,0.7063925176548628,-0.4177161443809306,-0.027238595397553866,0.04231915810279566,0.009516099340044461
107.25055599999905,-0.1698715224469726,-0.2594645460638523,0.7633453250805226,0.3247876849634673,0.04591477467709263,0.6278000246511819,0.0,0.0,0.0,-0.1885775857057623,-0.2628650421367822,0.7600138585833823,-0.09574768038852574,-0.02008641704927882,0.051291731185225835,0.8788170139043617,7.796650260769696e-08,7.796655356582396e-08,0.47715894214843013,0.2539645152119267,-0.5192282946232897,0.7060551741650595,-0.40913334514618677,-0.07042743306196583,0.13349825273074714,0.01722879081111651
107.57431889999862,-0.1617786727758265,-0.25832047137645137,0.778988440439454,0.3247876849634673,0.04591477467709263,0.6278000246511819,0.0,0.0,0.0,-0.18714976301302821,-0.2631499394052221,0.7702341244668496,0.004724847693228242,-0.000780339918591721,0.03139462798557448,0.8526400448291794,8.537490826881283e-08,8.537496406899974e-08,0.5224987597628156,0.2561939987426568,-0.5197290473774611,0.7058989312454398,-0.4073733560100735,-0.005727934802924347,0.016838665456631898,-0.0009099370771554561
107.76728430000003,-0.1569584862514842,-0.2576390484395206,0.7883056447513903,0.3247876849634673,0.04591477467709263,0.6278000246511819,0.0,0.0,0.0,-0.1749538834835051,-0.2612927978218781,0.7981437213390533,0.06822984570073323,0.01141481033613821,0.14330924192494765,0.8526400448291794,8.537490826881283e-08,8.537496406899974e-08,0.5224987597628156,0.262615676768354,-0.5187880956721075,0.7059483162499509,-0.40438705826011173,-0.04251829637861036,0.05896384802651923,0.015162225299971977
108.04506449999826,-0.15002198816863818,-0.25665844553717293,0.8017135843655213,0.3247876849634673,0.04591477467709263,0.6278000246511819,0.0,0.0,0.0,-0.17879441742145685,-0.2614382767497984,0.7804619959143362,-0.012642560032575025,-0.00014619880004313937,-0.06409485342211772,0.8526400448291794,8.537490826881283e-08,8.537496406899974e-08,0.5224987597628156,0.2603931696753203,-0.5193931462842861,0.7057473701483884,-0.4053970970640809,0.012188929442719444,-0.012948668331130852,-0.0037208887732976155
108.28051499999856,-0.1442822507941422,-0.2558470269999051,0.8128082392185992,0.3247876849634673,0.04591477467709263,0.6278000246511819,0.0,0.0,0.0,-0.12127121471023534,-0.25096331038717784,0.8177541504352338,0.2532217509948076,0.052938343184506784,0.14508529060671274,0.8526400448291794,8.537490826881283e-08,8.537496406899974e-08,0.5224987597628156,0.2682809348988521,-0.5185692784223459,0.7063211174712615,-0.40027705712477935,-0.04626367868148526,0.06559528482185073,0.004217702107673714
108.61152360000051,-0.13660386393696233,-0.254761544333065,0.8276502165514561,0.3247876849634673,0.04591477467709263,0.6278000246511819,0.0,0.0,0.0,-0.09776958314540263,-0.24598966464658628,0.8261875645169896,0.07151430672813733,0.015970894564752872,0.024397889366116445,0.8526400448291794,8.537490826881283e-08,8.537496406899974e-08,0.5224987597628156,0.280014510802981,-0.517570348070893,0.7061888298340748,-0.3937132778496582,-0.04348337960044705,0.06837309518107687,0.010906708298088763
108.63423260000127,-0.1360745365676002,-0.25468671407311405,0.828673382610143,0.3247876849634673,0.04591477467709263,0.6278000246511819,0.0,0.0,0.0,-0.06043345599654669,-0.2368910993463111,0.8565686832265499,1.6965896544199308,0.4422176587481754,1.2589212300379022,0.8526400448291794,8.537490826881283e-08,8.537496406899974e-08,0.5224987597628156,0.2828887592864175,-0.5181876161335837,0.7058128084345011,-0.3915147810811074,-0.09860542657819982,0.30741699088942553,-0.007068653907965156
108.82205229999818,-0.13172153018136257,-0.2540713357301374,0.8370875486734103,0.3247876849634673,0.04591477467709263,0.6278000246511819,0.0,0.0,0.0,-0.039051516810118606,-0.23104851831568957,0.8705971341819112,0.1165031088343479,0.032792438935829275,0.07271255459008236,0.8526400448291794,8.537490826881283e-08,8.537496406899974e-08,0.5224987597628156,0.2853722482178528,-0.5186458587644895,0.705467786786853,-0.38972343391127107,-0.010582039318549999,0.03166527575071028,0.00032265942107543785
108.9486864999999,-0.12878412019968813,-0.2536560782444418,0.8427654303920883,0.3247876849634673,0.04591477467709263,0.6278000246511819,0.0,0.0,0.0,-0.08775788556013747,-0.24299563434456092,0.8755127943735255,-0.39278679382650333,-0.0896409455403511,0.017981834753480135,0.8241260467130287,9.254930704601065e-08,9.25493675353129e-08,0.5664064434036198,0.29628960087171335,-0.5183982155045789,0.7051057061135971,-0.3824940598009261,-0.09569918682731193,0.18321982539737156,0.012925266552399669
109.02052859999822,-0.12711659294758915,-0.2534203422803253,0.8459886857630301,0.3247876849634673,0.04591477467709263,0.6278000246511819,0.0,0.0,0.0,-0.0792158129986363,-0.2406306193567046,0.871702334145934,0.11791994117870679,0.03275152297791442,-0.05497359969120593,0.8241260467130287,9.254930704601065e-08,9.25493675353129e-08,0.5664064434036198,0.2909020178563719,-0.518285829387992,0.7054509513945343,-0.3861279195282813,0.08031398589613722,-0.16206681409203869,-0.00901319709619746
109.1084488000015,-0.12507796096685955,-0.2531321437667171,0.849929269926191,0.3247876849634673,0.04591477467709263,0.6278000246511819,0.0,0.0,0.0,-0.18092015064459493,-0.24776788292451732,0.8437562619608984,-1.1435300439139706,0.007252679632721151,-0.39331598610620416,0.8241260467130287,9.254930704601065e-08,9.25493675353129e-08,0.5664064434036198,0.27329169599443215,-0.5127616787543745,0.7080753670507083,-0.40126846907960173,0.11757878290721752,-0.5167299623211641,0.054813121739108905
109.197286300001,-0.12301633401789637,-0.2528406944870422,0.8539143023313643,0.3247876849634673,0.04591477467709263,0.6278000246511819,0.0,0.0,0.0,-0.19464545464559854,-0.2583108849088404,0.840831165213136,-0.153470183305431,-0.12285595595615896,-0.03875331486414918,0.8241260467130287,9.254930704601065e-08,9.25493675353129e-08,0.5664064434036198,0.29012527805588184,-0.5146731660845382,0.7072300028252212,-0.3882841462760902,-0.19888596774288575,0.4393896712032023,-0.014978478967952472
109.29037379999863,-0.12085734036092707,-0.2525354806138618,0.8580875402151207,0.3247876849634673,0.04591477467709263,0.6278000246511819,0.0,0.0,0.0,-0.1639544558160278,-0.25653003064772084,0.8512673559552619,0.3312872854213338,0.025829274820003956,0.10454969802084492,0.8241260467130287,9.254930704601065e-08,9.25493675353129e-08,0.5664064434036198,0.2905056155474156,-0.5159938799295369,0.706800378224556,-0.38702716771862977,0.014428793594327152,0.034604414369236725,-0.019194265586317927
109.39030769999954,-0.11853938401130652,-0.252207794410131,0.862568045852506,0.3247876849634673,0.04591477467709263,0.6278000246511819,0.0,0.0,0.0,-0.12068145128995021,-0.25261549255518845,0.8642679972524984,0.4349960199746491,0.05309550543767977,0.11822109629783546,0.8241260467130287,9.254930704601065e-08,9.25493675353129e-08,0.5664064434036198,0.30100650983226346,-0.5152643403491489,0.7070245143711066,-0.3794918664233225,-0.1407340992040408,0.22030993414868127,0.005616165587788005
109.48191260000021,-0.11641417987309445,-0.25190735731332486,0.8666759701123449,0.3247876849634673,0.04591477467709263,0.6278000246511819,0.0,0.0,0.0,-0.08779049001834509,-0.24633385324734652,0.8767330515130987,0.3617518482737534,0.07572243653195158,0.1270221499636383,0.8241260467130287,9.254930704601065e-08,9.25493675353129e-08,0.5664064434036198,0.30271332572114273,-0.5162177236951705,0.7064481261186157,-0.377908652027601,-0.003339617320494051,0.056558789056026196,-0.006471201149346351
109.5797883999985,-0.11414352188999555,-0.25158635761262976,0.871065050129108,0.3247876849634673,0.04591477467709263,0.6278000246511819,0.0,0.0,0.0,-0.08209294536800016,-0.2456696409850493,0.887122336096177,0.059129077415780204,0.007456060400154733,0.10497339346502951,0.8241260467130287,9.254930704601065e-08,9.25493675353129e-08,0.5664064434036198,0.31318568888339055,-0.5150493138969605,0.706626430451934,-0.3705644563630794,-0.1460276887036916,0.2179095427961269,0.010873900323835131
109.68412259999968,-0.11185294576094955,-0.2512625421118736,0.8754926310284338,0.3247876849634673,0.04591477467709263,0.6278000246511819,-0.036447847225900394,-0.005152580502030272,-0.07045205359149187,-0.09145592572814748,-0.24668576252563065,0.8914714047856142,-0.09028852552287472,-0.00915779292748732,0.04030242199711842,0.8241260467130287,9.254930704601065e-08,9.25493675353129e-08,0.5664064434036198,0.3157718017019282,-0.5161254452348348,0.7057541430397598,-0.36852921677022543,-0.00648031985916335,0.06836970041152576,-0.0023153085429321422
109.7634141999988,-0.11013591019407462,-0.2510198072274691,0.8788115837508323,0.3247876849634673,0.04591477467709263,0.6278000246511819,-0.07078855856339905,-0.010007278190120527,-0.13683110803946388,-0.10714353519054068,-0.24938789312354392,0.8937988135284093,-0.1995487246916896,-0.03286822094709219,0.02492781354488464,0.8241260467130287,9.254930704601065e-08,9.25493675353129e-08,0.5664064434036198,0.3249581103861617,-0.5149279431931574,0.705787869461761,-0.36209794687866986,-0.1563942746747733,0.2368493592609053,0.015024763443436067
109.8658213000017,-0.10791841361398676,-0.250706322878968,0.8830979051604624,0.3247876849634673,0.04591477467709263,0.6278000246511819,-0.11513849016515647,-0.016276965160142837,-0.2225575362320641,-0.11313050832290039,-0.250790813750881,0.8957865931304793,-0.05871216355067451,-0.013647806642830383,0.018746107990194525,0.8241260467130287,9.254930704601065e-08,9.25493675353129e-08,0.5664064434036198,0.327952673440269,-0.5158627019073624,0.7049280095841581,-0.35973492750625863,-0.014464001027068095,0.07716480769436485,-0.002351905501922747
109.98245279999901,-0.10539338207075337,-0.2503493627486196,0.8879786778574482,0.3247876849634673,0.04591477467709263,0.6278000246511819,-0.16563912102982456,-0.023416167767110765,-0.3201729901717817,-0.11110918565251389,-0.2512176262715715,0.8975648715413117,0.017368495699955307,-0.003601373479827567,0.015190748817909067,0.8241260467130287,9.254930704601065e-08,9.25493675353129e-08,0.5664064434036198,0.3347351332309705,-0.514528372485798,0.7051532706811835,-0.3549250756646959,-0.08752089213602325,0.11498887659158627,0.008213152756140315
110.08353899999929,-0.1032045490864724,-0.2500399305320306,0.8922095938222683,0.3247876849634673,0.04591477467709263,0.6278000246511819,-0.20941578071544387,-0.02960481209889035,-0.40479130946818465,-0.10146206074116147,-0.2501817177919661,0.9015920472957796,0.09552980125813829,0.011059450817821781,0.03930423999000227,0.8241260467130287,9.254930704601065e-08,9.25493675353129e-08,0.5664064434036198,0.3385388121552916,-0.515195602979036,0.7043685640655162,-0.3518947133615886,-0.030025335113810014,0.09360475973686383,-0.002426047950076069
110.18810279999889,-0.10094090234159148,-0.24971992200014484,0.896585121430089,0.3247876849634673,0.04591477467709263,0.6278000246511819,-0.25468871561306267,-0.03600498273660608,-0.49230186162459855,-0.0918732868978917,-0.2487357826074889,0.9072424496226112,0.09219108405323019,0.014696081084969385,0.05352988835373052,0.8241260467130287,9.254930704601065e-08,9.25493675353129e-08,0.5664064434036198,0.34609700771532836,-0.5136929608043727,0.7045132987793059,-0.34640643053158454,-0.10893223143986433,0.14465185369292352,0.009633455692795324
110.28033510000023,-0.09894378286674953,-0.24943759205065516,0.9004454637816722,0.3247876849634673,0.04591477467709263,0.6278000246511819,-0.29463110510990165,-0.04165158172639943,-0.5695087086562622,-0.08822602496565658,-0.24779226572605612,0.9114749602384481,0.03979539018922873,0.01036498171142433,0.04561761890225042,0.8241260467130287,9.254930704601065e-08,9.25493675353129e-08,0.5664064434036198,0.35029065113534436,-0.5143447225349446,0.7035902654964791,-0.3430841069274727,-0.036351215346001116,0.11290116038942487,-0.0020134647408307864
110.3846984999982,-0.09668397511231265,-0.24911812623140717,0.9048135707931865,0.3247876849634673,0.04591477467709263,0.6278000246511819,-0.33982726019863935,-0.04804089811135948,-0.6568708488865477,-0.08936256481112798,-0.24773656807115307,0.9155700067420027,-0.01091178745259192,0.000539859292848039,0.038732221047123545,0.793353174507786,9.94700343945678e-08,9.947009940718826e-08,0.6087616450618409,0.3576799213217371,-0.5128808107343993,0.7035642479331692,-0.3376621046163391,-0.10432130509400381,0.14359847322873123,0.010031324713786899
110.49220100000093,-0.0943562022869287,-0.24878905228641143,0.909313051237843,0.3247876849634673,0.04591477467709263,0.6278000246511819,-0.3863827167063184,-0.054622377011274384,-0.7468604577796789,-0.09059696047820699,-0.2477750203873254,0.918135427652535,-0.011510148591934983,-0.0003522803793325126,0.0235870388621335,0.793353174507786,9.94700343945678e-08,9.947009940718826e-08,0.6087616450618409,0.36143772810137653,-0.5135597280858637,0.7025866197655286,-0.33465088692507244,-0.025269750281069245,0.0886909471164061,-0.0019587913379332115
110.582996000001,-0.09239041183221322,-0.24851115127609205,0.9131128359989809,0.3247876849634673,0.04591477467709263,0.6278000246511819,-0.42569852580062834,-0.06018039721766207,-0.8228561530024373,-0.09112595273880437,-0.24811293957561203,0.9216933815017705,-0.005839767691281822,-0.003737947791445841,0.038765142887165135,0.793353174507786,9.94700343945678e-08,9.947009940718826e-08,0.6087616450618409,0.36852580450546774,-0.5121503381843983,0.7026171630159598,-0.32896790838409823,-0.11990765888220972,0.163343905506728,0.0035753981431164705
110.67742590000125,-0.09034545113132833,-0.2482220580802857,0.9170656532942876,0.3247876849634673,0.04591477467709263,0.6278000246511819,-0.46659773981832636,-0.06596226113378938,-0.9019124989085726,-0.08839243210206055,-0.24790877068688144,0.9256654410754842,0.02906221172151087,0.00229128950454471,0.04172846777859339,0.793353174507786,9.94700343945678e-08,9.947009940718826e-08,0.6087616450618409,0.37264105121257585,-0.5127251504757724,0.7016793057007316,-0.3254192971723128,-0.03789663511469944,0.11080056364567589,-0.006109924817157443
110.78785920000155,-0.08795418231354295,-0.24788400779684183,0.9216878686437462,0.3247876849634673,0.04591477467709263,0.6278000246511819,-0.514423116174034,-0.07272326680266647,-0.9943568058977449,-0.08569357286754106,-0.24763980347270975,0.9287485246407182,0.024534499750970638,0.002536355008463699,0.027774255423161354,0.793353174507786,9.94700343945678e-08,9.947009940718826e-08,0.6087616450618409,0.3787299005536557,-0.5113704003580253,0.7017171626606806,-0.32040131037768044,-0.08765823353743288,0.1156817839269755,0.001910769981922092
110.87651790000018,-0.08603503353561202,-0.2476127004542607,0.9253974971360637,0.3247876849634673,0.04591477467709263,0.6278000246511819,-0.5528060917326527,-0.07814941365428912,-1.0685493757440951,-0.08255507641747178,-0.2471320739503407,0.932154039755026,0.035580936982903426,0.005863364254701022,0.03821281469386266,0.793353174507786,9.94700343945678e-08,9.947009940718826e-08,0.6087616450618409,0.3827957407750349,-0.511868069056873,0.7007730339934163,-0.31682117282805256,-0.04152644092322193,0.11737090384005414,-0.007202451664902811
110.97943830000077,-0.08380457792691823,-0.24729738410625338,0.9297088677666308,0.3247876849634673,0.04591477467709263,0.6278000246511819,-0.5974152039065289,-0.0844557406144356,-1.1547767883554352,-0.0799291532214267,-0.24673778659144693,0.9366896018208033,0.025659895682541813,0.003953896826342715,0.043647143143335246,0.793353174507786,9.94700343945678e-08,9.947009940718826e-08,0.6087616450618409,0.38937966311128375,-0.5104477137625211,0.7006703973371162,-0.311267736467187,-0.10032518589548388,0.13660649722318993,0.0013310313749793877
111.09032859999934,-0.08140530417526087,-0.24695820217665404,0.9343465562941524,0.3247876849634673,0.04591477467709263,0.6278000246511819,-0.645400678939676,-0.09123937920642233,-1.2475305589058705,-0.07818882169323887,-0.2463316799986346,0.9395547876744986,0.0157531685602117,0.0036955239347817776,0.02565496269819913,0.793353174507786,9.94700343945678e-08,9.947009940718826e-08,0.6087616450618409,0.39299913143260223,-0.5109502499102324,0.699700683705171,-0.30805921189344043,-0.027645188058844843,0.08485315797325288,-0.005320494068930952
111.18806879999829,-0.07958695961575683,-0.24670114538355448,0.9378613347544545,0.32121077382982044,0.04540911181995612,0.6208860158945654,-0.6495753699269347,-0.09182954935418526,-1.2556000493023638,-0.0770901163298312,-0.2462372420236208,0.9435795150386278,0.011351714367071145,0.0010186121077913116,0.040813032814077485,0.793353174507786,9.94700343945678e-08,9.947009940718826e-08,0.6087616450618409,0.3995342725107043,-0.5095034180764688,0.6995036578761081,-0.30244547388857046,-0.10531149288474634,0.14478501406203487,0.0011129802418973957
111.2746518999993,-0.07800532539589851,-0.2464775519956631,0.9409185627473444,0.31769603111902417,0.04491223762464198,0.6140921759103657,-0.6495753699269347,-0.09182954935418526,-1.2556000493023638,-0.0750756248700955,-0.24595440196116947,0.9479699550962392,0.023463492626477653,0.0033756563400561147,0.0502462010861532,0.793353174507786,9.94700343945678e-08,9.947009940718826e-08,0.6087616450618409,0.40384677494216886,-0.5098540183923185,0.6984287021526031,-0.29858668809483946,-0.047666625277282534,0.12741206882917158,-0.007312316957013822
111.38467379999929,-0.0759952247662811,-0.246193386918722,0.9448039970887576,0.31322914083098546,0.04428075967588398,0.6054578773738918,-0.6495753699269347,-0.09182954935418526,-1.2556000493023638,-0.07353329349958783,-0.2458034031514023,0.9511717404836855,0.01407753968355279,0.0014217236042501883,0.028841731448636183,0.793353174507786,9.94700343945678e-08,9.947009940718826e-08,0.6087616450618409,0.40969910738866105,-0.5084563994316185,0.698200044613249,-0.29348837964053376,-0.08496299543089003,0.11549885653065893,0.0012181092145279095
111.48951379999926,-0.07407989068738899,-0.24592261885473712,0.9485062519389653,0.3089728428778919,0.043679052867028695,0.5972306443734303,-0.6495753699269347,-0.09182954935418526,-1.2556000493023638,-0.07188412432180459,-0.24551468707257967,0.9535668810188578,0.015769661724343017,0.0027867460122641876,0.022674067269420946,0.793353174507786,9.94700343945678e-08,9.947009940718826e-08,0.6087616450618409,0.4134401609418047,-0.508801702187671,0.6971567745653384,-0.2901042792669513,-0.03279696842277952,0.09268689914048867,-0.005648476090296661
111.5798133999997,-0.07243023252878839,-0.24568940901904124,0.9516949671538047,0.30530693585877944,0.04316080878770453,0.590144610562676,-0.6495753699269347,-0.09182954935418526,-1.2556000493023638,-0.07017823786045492,-0.24537236651264943,0.9571666412478446,0.019014840014137835,0.0016564964757254843,0.03950720384139239,0.793353174507786,9.94700343945678e-08,9.947009940718826e-08,0.6087616450618409,0.4196934311188879,-0.507317440867478,0.6967924722759627,-0.2845464613149845,-0.11026808241559863,0.1529953310595524,0.0008701424928868329
111.68432329999996,-0.07052072087806346,-0.24541946406347379,0.9553859675115667,0.30106357663494626,0.04256093110866575,0.5819423875454273,-0.6495753699269347,-0.09182954935418526,-1.2556000493023638,-0.06799867782908858,-0.2450083598410722,0.9606435872037019,0.020934518078697187,0.003554101021014252,0.03292451959950042,0.793353174507786,9.94700343945678e-08,9.947009940718826e-08,0.6087616450618409,0.4237233429701701,-0.5075523876951611,0.6956741780521208,-0.2808674782858111,-0.03763216313696291,0.09950577602963373,-0.005716505575153102
112.38516639999943,-0.05771585840646902,-0.2436092588051662,0.9801371922269564,0.2726083266980698,0.0385382527568711,0.5269396659556724,-0.6495753699269347,-0.09182954935418526,-1.2556000493023638,-0.06659481453472087,-0.244813731582966,0.9633961015860539,0.0020104169993209065,0.00028364015562656994,0.0038915953979445743,0.7637958402017975,1.0546610664253223e-07,1.0546617557412561e-07,0.6454579107040275,0.4291646734454954,-0.5061575307224895,0.6953121682833365,-0.27597685735666044,-0.012539049667188665,0.017190428522660027,0.00017723514642053908
112.47084940000059,-0.05615143204716684,-0.24338809806813166,0.9831611581973575,0.2691318236773983,0.038046784452349894,0.5202197415770033,-0.6495753699269347,-0.09182954935418526,-1.2556000493023638,-0.06480716849431767,-0.2445466972888559,0.9669760207087684,0.02107200054525213,0.0032090715670720768,0.041494921216940664,0.7637958402017975,1.0546610664253223e-07,1.0546617557412561e-07,0.6454579107040275,0.43351576572963946,-0.506259464931664,0.694124135658482,-0.2719505825096079,-0.05309375750244287,0.1311589141826897,-0.00731112315709093
112.58122880000155,-0.054133782539725124,-0.24310286581703214,0.987061184180953,0.26464815810530556,0.03741293500546206,0.5115530171690134,-0.6495753699269347,-0.09182954935418526,-1.2556000493023638,-0.04113757449650683,-0.2406808515737488,1.002648292635346,0.22770780385517586,0.045354186551424994,0.2996260604323421,0.7637958402017975,1.0546610664253223e-07,1.0546617557412561e-07,0.6454579107040275,0.4414711968246104,-0.5046562667844764,0.6934384921088789,-0.2637580187049594,-0.1198772617738432,0.17195871498572124,-0.013604757715050968
112.66909339999984,-0.05252986159196217,-0.24287612178600557,0.990161491419072,0.261083889332499,0.036909059380958564,0.5046634455287491,-0.6495753699269347,-0.09182954935418526,-1.2556000493023638,-0.04062699474372655,-0.24029407318109466,1.0014113797893434,0.005808579898082887,0.004396703364081438,-0.014176927726039583,0.7637958402017975,1.0546610664253223e-07,1.0546617557412561e-07,0.6454579107040275,0.4445055461582841,-0.5048280801662185,0.6923711409887141,-0.26112378680656734,-0.02968835312087469,0.09010462520665681,-0.0020710775296303285
112.77408089999881,-0.050974605171036275,-0.24265625739016203,0.9931677323099666,0.2569985113760608,0.0363315152897726,0.4967665932141368,-0.6495753699269347,-0.09182954935418526,-1.2556000493023638,-0.04495212037147779,-0.24117501507833508,1.0036528094507646,-0.04137232925667182,-0.008288929398816099,0.020444812523457156,0.7637958402017975,1.0546610664253223e-07,1.0546617557412561e-07,0.6454579107040275,0.4515080746958102,-0.5032721203909717,0.6917270365888658,-0.2537150728152428,-0.11144269762601841,0.16155325893479064,-0.013672548904055958
112.8786265000017,-0.049576459717972504,-0.24245860354915988,0.995870284748179,0.25300381008159284,0.03576679002976646,0.4890450148192443,-0.6495753699269347,-0.09182954935418526,-1.2556000493023638,-0.049177990354256615,-0.24188567946161005,0.9998107321491395,-0.04026905480290995,-0.006566227932522927,-0.037075860986742135,0.7637958402017975,1.0546610664253223e-07,1.0546617557412561e-07,0.6454579107040275,0.4538143736444096,-0.5035937383140299,0.6906778891681091,-0.25181325306448354,-0.012958352277014022,0.0595679932034152,-0.0006815131573741902
112.97296490000008,-0.04831469834537155,-0.24228023013230526,0.9983092128772177,0.24939877758844725,0.03525715169589615,0.48207664873627626,-0.6495753699269347,-0.09182954935418526,-1.2556000493023638,-0.05193637942802212,-0.2429947753468257,0.9998351840730162,-0.029307154856186766,-0.011776687187821664,-7.754378110903761e-05,0.7637958402017975,1.0546610664253223e-07,1.0546617557412561e-07,0.6454579107040275,0.46004655476213435,-0.50206053930391,0.6901285518774037,-0.24497951793763284,-0.11556280386595097,0.1611875198351239,-0.015515673830864954
113.06568530000004,-0.047074670427259324,-0.24210492914310724,1.0007061312137198,0.2458558406795552,0.03475629172675898,0.47522831063198456,-0.6495753699269347,-0.09182954935418526,-1.2556000493023638,-0.049010413546084666,-0.24271245785702542,1.001699246761513,0.031595257955963144,0.003173817574338103,0.019949841634282144,0.7637958402017975,1.0546610664253223e-07,1.0546617557412561e-07,0.6454579107040275,0.46283226745788364,-0.5022309711111332,0.6890132155038633,-0.24251006724997803,-0.024918460832404038,0.08006444739655261,-0.0024146950269601838
113.17479090000052,-0.04561566033520239,-0.2418986709543587,1.0035263322686419,0.24168724041653536,0.03416698261604884,0.4671705933322072,-0.6495753699269347,-0.09182954935418526,-1.2556000493023638,-0.045941700113930756,-0.2424251149743278,1.0049050352773938,0.028260886890931106,0.002788109539974634,0.029021152553377772,0.7637958402017975,1.0546610664253223e-07,1.0546617557412561e-07,0.6454579107040275,0.4682002161024128,-0.5007389118388731,0.6885746931771124,-0.23646139585167097,-0.09042949097133773,0.12052877218786202,-0.012161370276979252
113.2832371000004,-0.04416535780092039,-0.24169364374071092,1.006329702005017,0.23754351889001535,0.03358119057705517,0.4591609655139926,-0.6495753699269347,-0.09182954935418526,-1.2556000493023638,-0.04220843462983698,-0.24154087095887916,1.0080569779978845,0.03457645993105245,0.008308466553348758,0.028735331835392147,0.7637958402017975,1.0546610664253223e-07,1.0546617557412561e-07,0.6454579107040275,0.47118603779782375,-0.5008349550569986,0.687382843317846,-0.2337795805662153,-0.024169355052212547,0.07334468376845632,-0.002136714458439236
113.36713040000177,-0.04304327710378163,-0.2415350167829664,1.0084986336546378,0.23433757404104746,0.0331279706977851,0.4529640179436475,-0.6495753699269347,-0.09182954935418526,-1.2556000493023638,-0.040516363536880956,-0.24122552399747682,1.0117374153159202,0.020364970136404904,0.0038674640718904313,0.04302418296542946,0.7637958402017975,1.0546610664253223e-07,1.0546617557412561e-07,0.6454579107040275,0.47677860212952694,-0.4992624424368413,0.6868026200598398,-0.22742326002929728,-0.12161072693381819,0.16519316968087194,-0.016188623390874957
113.47536889999901,-0.0415957335453964,-0.24133037960183065,1.0112966704143755,0.23020173530280394,0.032543293037397204,0.4449696272015396,-0.6495753699269347,-0.09182954935418526,-1.2556000493023638,-0.03943149686956572,-0.2408550577934907,1.014570614802642,0.010107870775160557,0.0034594589326864974,0.02568166684686409,0.7637958402017975,1.0546610664253223e-07,1.0546617557412561e-07,0.6454579107040275,0.480293185479079,-0.4992384752626924,0.6854409705140598,-0.2241652888840846,-0.03121709705729942,0.08646446626544571,-0.0030038718463857943
113.56423210000139,-0.04040728229376342,-0.2411623699328693,1.0135938933683672,0.22680616029813827,0.032063265411793336,0.4384061330472775,-0.6495753699269347,-0.09182954935418526,-1.2556000493023638,-0.039535215297092266,-0.2409423566711362,1.0159649811299278,-0.0011601554080022409,-0.0009789665586693794,0.01541596272521929,0.7396308882377687,1.0996849261108291e-07,1.0996856448539075e-07,0.6730127407149029,0.48469395973116447,-0.49786999304442725,0.6849932127086635,-0.21904687619121607,-0.09361557126602663,0.12331658949702835,-0.012275522955288814
114.329361600001,-0.030173391612280397,-0.23971561931249666,1.0333755449504929,0.1975664726367582,0.02792969221072863,0.3818871285269181,-0.6495753699269347,-0.09182954935418526,-1.2556000493023638,-0.03915664953908249,-0.24102410634108032,1.0182147272361495,0.000500872273042524,-0.00010391205054354364,0.0028740001904939048,0.7396308882377687,1.0996849261108291e-07,1.0996856448539075e-07,0.6730127407149029,0.4886790508753279,-0.49767972220443596,0.683527425094591,-0.21516955752536726,-0.005642121166803733,0.013920244046349426,-0.0006755921911302228
114.44648410000082,-0.028810836754613642,-0.23952299686352052,1.0360093023644417,0.1931937978695623,0.027311533376613385,0.3734349443656068,-0.6495753699269347,-0.09182954935418526,-1.2556000493023638,-0.03813876452307839,-0.24092707148898865,1.0197665740462172,0.008734656205828684,0.0008514177011061182,0.01310588593227814,0.7396308882377687,1.0996849261108291e-07,1.0996856448539075e-07,0.6730127407149029,0.49243402148557097,-0.4964631268375831,0.6831761605864808,-0.21048380408124814,-0.06432288256046508,0.08224931243582734,-0.011248104926275383
114.54055919999882,-0.027962153000959885,-0.2394030196441703,1.037649769987236,0.1897990628549473,0.026831624499212392,0.36687307387442963,-0.6495753699269347,-0.09182954935418526,-1.2556000493023638,-0.018427583960222954,-0.23771648819089114,1.0457347092618197,0.22126764673191132,0.0441928044407601,0.2392470682465657,0.7396308882377687,1.0996849261108291e-07,1.0996856448539075e-07,0.6730127407149029,0.4990766606001726,-0.49534120654071195,0.6814937435718035,-0.20279510205983986,-0.11270723749865313,0.18857539324141906,-0.02202279193106333
114.64485409999907,-0.0270211591741531,-0.23926999268061644,1.0394686688402894,0.18603508754772016,0.026299516644997068,0.3595974784622162,-0.6495753699269347,-0.09182954935418526,-1.2556000493023638,-0.013396155502999982,-0.23616169400839493,1.048471055605163,0.048439208201299294,0.015143396735799312,0.0255253306544521,0.7396308882377687,1.0996849261108291e-07,1.0996856448539075e-07,0.6730127407149029,0.50385666959967,-0.49405424135681114,0.6805071871322127,-0.19735458281650928,-0.0784648273670074,0.11851597201465593,-0.009406334186580012
114.74154149999958,-0.02614897071620769,-0.2391466926345355,1.0411545700020288,0.18254633371593854,0.02580631646067322,0.35285387381525807,-0.6495753699269347,-0.09182954935418526,-1.2556000493023638,-0.017673382457748812,-0.23705089160803172,1.0491769100311652,-0.044259827325154696,-0.008979581258992592,0.006297138560069613,0.7396308882377687,1.0996849261108291e-07,1.0996856448539075e-07,0.6730127407149029,0.5083801657137771,-0.4933303179536536,0.6791916134126714,-0.19202488579991892,-0.0701044561421311,0.1290051513432205,-0.015776208928083266
114.8437429000005,-0.02522683171667734,-0.23901633115118937,1.042937023319808,0.17885777771781716,0.025284870527288672,0.3457240605441411,-0.6495753699269347,-0.09182954935418526,-1.2556000493023638,-0.02683664385480103,-0.23882229859603066,1.0447111808888496,-0.08967804462504322,-0.016352934110440927,-0.04463581356749175,0.7396308882377687,1.0996849261108291e-07,1.0996856448539075e-07,0.6730127407149029,0.5121334125760267,-0.492374208668747,0.6782801480264885,-0.18767804121479695,-0.06045592080971347,0.09779341202326869,-0.008529021351279392
114.93360449999818,-0.024416088577759922,-0.23890171754276826,1.0445041534363808,0.1756148051621475,0.024826416093604354,0.3394555400778509,-0.6495753699269347,-0.09182954935418526,-1.2556000493023638,-0.03129452607892429,-0.24016524970234887,1.0431754055414246,-0.04963175768150612,-0.014801134806757432,-0.017339101647449805,0.7396308882377687,1.0996849261108291e-07,1.0996856448539075e-07,0.6730127407149029,0.5154658934834176,-0.49187406767179004,0.6772557157373641,-0.18351978015576448,-0.05737317853825794,0.10548756405997375,-0.016203050084985515
115.0432026999988,-0.02342735096124866,-0.2387619411073348,1.0464153388930866,0.17165985469610245,0.0242673103518705,0.33181079825102777,-0.6495753699269347,-0.09182954935418526,-1.2556000493023638,-0.03028042118266193,-0.2405784812527386,1.043623756763279,0.00927075651110968,-0.003748965361446182,0.003976857992483016,0.7396308882377687,1.0996849261108291e-07,1.0996856448539075e-07,0.6730127407149029,0.5187789231503437,-0.490926435301897,0.6765002147971322,-0.17946343191908543,-0.0545245018925669,0.08128576875120168,-0.00888583942919207
115.14058510000177,-0.022548839969708745,-0.238637747253641,1.0481134612286274,0.1681458107299428,0.02377053493709526,0.3250183089088641,-0.6495753699269347,-0.09182954935418526,-1.2556000493023638,-0.026344586059601285,-0.24007137455764122,1.0457467411676733,0.04054214223497536,0.005462814615283775,0.021288620156951887,0.7396308882377687,1.0996849261108291e-07,1.0996856448539075e-07,0.6730127407149029,0.5216373904841126,-0.4904225375595867,0.6756324528172692,-0.17578667811487184,-0.048413898471131825,0.08401420762848864,-0.013652530296564117
115.24981670000125,-0.021563346621284,-0.23849842945578859,1.050018375660664,0.16420383733624383,0.02321326374568558,0.31739865118071814,-0.6495753699269347,-0.09182954935418526,-1.2556000493023638,-0.02128490331532938,-0.23909838750501716,1.0489980572493625,0.04656982708039586,0.009279558316159446,0.028612007391095342,0.7396308882377687,1.0996849261108291e-07,1.0996856448539075e-07,0.6730127407149029,0.5253741870972967,-0.48930542729386156,0.6747457102140916,-0.17111513346372234,-0.06292654432624516,0.09279752090854931,-0.010607558166778166
115.33293069999854,-0.020813513803964158,-0.23839242665319893,1.0514677688581018,0.1612045060669645,0.022789252535327004,0.3116010783909664,-0.6495753699269347,-0.09182954935418526,-1.2556000493023638,-0.01891964159653113,-0.2383390174462543,1.0510975031450622,0.028697707587848405,0.009266491744498577,0.024245524196878993,0.7217600079411985,1.1309439204232412e-07,1.1309446595968859e-07,0.6921434034480828,0.5284126932635985,-0.4887395028566779,0.6737354295435108,-0.16731495726066553,-0.0579929847961763,0.1044974810588353,-0.014563020504289967
115.43837279999934,-0.019862226914076315,-0.23825794457390648,1.0533065637403312,0.1573993585074131,0.02225132421815715,0.3042458988620491,-0.6495753699269347,-0.09182954935418526,-1.2556000493023638,-0.018982255779476986,-0.23814858518985105,1.0530125878280083,-0.0003545501529605478,0.001904908132128038,0.016790474381912553,0.7217600079411985,1.1309439204232412e-07,1.1309446595968859e-07,0.6921434034480828,0.5324280937975315,-0.48756258097744537,0.6726534273022959,-0.16229732377403416,-0.06793144884616638,0.10498124078058738,-0.011558961157600184
115.53661310000098,-0.0189759228224739,-0.23813264902070258,1.0550197497886846,0.15385414214100349,0.021750142005341574,0.29739315466863525,-0.6495753699269347,-0.09182954935418526,-1.2556000493023638,-0.01956147885737812,-0.2381587616304643,1.0537090076333295,-0.00583178904630141,-6.992533165161701e-05,0.00662112114305583,0.7217600079411985,1.1309439204232412e-07,1.1309446595968859e-07,0.6921434034480828,0.5347872652495396,-0.48718252847221644,0.6717966651552661,-0.1592011481258838,-0.03797386567697307,0.07109335736343936,-0.012004977296146033
115.64935699999842,-0.01795875365289428,-0.23798885325691002,1.0569858921619966,0.149785465462685,0.021174958950171404,0.28952858517538815,-0.6495753699269347,-0.09182954935418526,-1.2556000493023638,-0.020674129383976975,-0.23861036197953317,1.054958124763401,-0.009648921756852849,-0.0039032849361507567,0.009652326279088675,0.7217600079411985,1.1309439204232412e-07,1.1309446595968859e-07,0.6921434034480828,0.5387763107356415,-0.48599129711740435,0.6706964924101858,-0.1539440196464549,-0.06581189938884272,0.10007102886126344,-0.013658899867061874
115.75163909999901,-0.017035912751094468,-0.2378583925466349,1.0587697022253744,0.14609410185548577,0.020653116109070953,0.2823933449218766,-0.6495753699269347,-0.09182954935418526,-1.2556000493023638,-0.019980577573486757,-0.23861257015605108,1.0561020318587766,0.006952989726008571,6.13191583172302e-05,0.010269866022706015,0.7217600079411985,1.1309439204232412e-07,1.1309446595968859e-07,0.6921434034480828,0.541116316854817,-0.4855770952174108,0.6698313003115497,-0.150778132886163,-0.03769257326339086,0.06857038646729603,-0.012281605020822425
115.84425429999828,-0.01620034681117114,-0.23774026977401888,1.0603848137027094,0.14275183809579248,0.02018062501860676,0.27593289901253676,-0.6495753699269347,-0.09182954935418526,-1.2556000493023638,-0.018761368422903574,-0.23869365216738947,1.0578173095028787,0.013784068790108255,-0.0005776415125643966,0.015411491325184913,0.7217600079411985,1.1309439204232412e-07,1.1309446595968859e-07,0.6921434034480828,0.5451036879852095,-0.4843118711418296,0.6687274290800852,-0.1452845704538605,-0.08422833925373019,0.12395678335439712,-0.0191282499520885
115.94370100000015,-0.015303220974322976,-0.23761344436602805,1.0621189176991457,0.13916333474839981,0.01967332338664353,0.26899648302679097,-0.6495753699269347,-0.09182954935418526,-1.2556000493023638,-0.01676495038091154,-0.238247328392796,1.059162918554032,0.020511149472045898,0.004707475479738188,0.011570803676322364,0.7217600079411985,1.1309439204232412e-07,1.1309446595968859e-07,0.6921434034480828,0.547496088032431,-0.4838406024975322,0.6678090637460088,-0.14204703215023165,-0.040075126987875645,0.07242263035935663,-0.01237468665348645
116.03282989999934,-0.014499099895469526,-0.23749976690885227,1.0636732476706887,0.13594685043298602,0.01921861355794039,0.2627791631406196,-0.6495753699269347,-0.09182954935418526,-1.2556000493023638,-0.01584862134723808,-0.23806593017799496,1.0600514337695612,0.0110954731149045,0.0023954679963699966,0.005899368224585179,0.7217600079411985,1.1309439204232412e-07,1.1309446595968859e-07,0.6921434034480828,0.5509369553707812,-0.48268519009160965,0.666823757072447,-0.1372208274162007,-0.07690558670790759,0.11227004285823158,-0.017497625972517517
116.13235839999834,-0.013601092620915758,-0.23737281689326237,1.0654090554466675,0.13235482133477094,0.01871081349558071,0.25583593203670374,-0.6495753699269347,-0.09182954935418526,-1.2556000493023638,-0.013156942692148385,-0.23694766971552733,1.0603921456589966,0.028102650526184634,0.011681770892781143,-0.0018412075400135119,0.7217600079411985,1.1309439204232412e-07,1.1309446595968859e-07,0.6921434034480828,0.5549390274510282,-0.48184174403181795,0.6651060945330562,-0.13230681212646675,-0.060109428045559486,0.11796677791228474,-0.012902404046485898
116.23650229999839,-0.012803678588179565,-0.23726008760168976,1.0669504209989522,0.12866522601611904,0.01818922063492587,0.24870410980562654,-0.6495753699269347,-0.09182954935418526,-1.2556000493023638,-0.001954164414577575,-0.23204643011306905,1.0588664592316575,0.10785593099930618,0.047022086936255515,-0.019821299377747695,0.7217600079411985,1.1309439204232412e-07,1.1309446595968859e-07,0.6921434034480828,0.5684820114603284,-0.47844253250057633,0.6589292441774576,-0.11718872346850762,-0.1815173701870655,0.36996859637354707,-0.015439162962450667
116.33500350000031,-0.01229870467852609,-0.23718870015581983,1.067926512912549,0.1252987332850959,0.01771330432912633,0.24219683038164808,-0.6495753699269347,-0.09182954935418526,-1.2556000493023638,0.010852217352108062,-0.22595397577535833,1.0562834198493318,0.13086494049586297,0.06149217211119797,-0.03398193889241266,0.7217600079411985,1.1309439204232412e-07,1.1309446595968859e-07,0.6921434034480828,0.5820261383361282,-0.475064393442319,0.6520228499680703,-0.10210582498727121,-0.1831728173798868,0.4005177578081767,-0.01455878702772962
116.4475538000006,-0.011721499697151324,-0.23710710150571923,1.0690422242474065,0.12145070007593076,0.017169313328455657,0.23475875481593145,-0.6495753699269347,-0.09182954935418526,-1.2556000493023638,-0.01636819831915652,-0.23604651895457535,1.0596778694359756,-0.23925582751434274,-0.08634459806576043,0.0018743324505351988,0.7217600079411985,1.1309439204232412e-07,1.1309446595968859e-07,0.6921434034480828,0.5580592815098637,-0.4798027828641865,0.6653674647623504,-0.1250810325836783,0.21844789635527195,-0.6029649213853974,-0.010435729379314772
116.53540430000066,-0.011270956784674326,-0.23704340889277095,1.069913103485304,0.11844708065941742,0.016744695908800532,0.22895289322994816,-0.6495753699269347,-0.09182954935418526,-1.2556000493023638,-0.0374443230724454,-0.24418435216274803,1.0580871689809301,-0.24018240601862623,-0.09181884597528849,-0.022029699005174177,0.7217600079411985,1.1309439204232412e-07,1.1309446595968859e-07,0.6921434034480828,0.5452931624494726,-0.4821914724245637,0.671964555792289,-0.1364198910194407,0.1435474159311939,-0.39488165815127874,-0.01716382210704239
116.64436099999875,-0.010712231880702219,-0.23696442274501955,1.0709930936595817,0.11472224796627001,0.01621812159045786,0.22175295873476403,-0.6495753699269347,-0.09182954935418526,-1.2556000493023638,-0.013359570013102756,-0.2359965881899764,1.0596771565577443,0.22395670495504352,0.07841523625763959,-0.0063879655070988774,0.7217600079411985,1.1309439204232412e-07,1.1309446595968859e-07,0.6921434034480828,0.559653167790055,-0.47864610812701003,0.6657365181888846,-0.12033753906061148,-0.18872147488004193,0.3712713597983611,-0.019536384236700132
116.74793810000119,-0.010181000938016507,-0.23688932337960594,1.0720199392401062,0.11118070834836526,0.015717459154367085,0.21490732153126652,-0.6495753699269347,-0.09182954935418526,-1.2556000493023638,0.0017356258231910893,-0.23148398559352287,1.0633141772267138,0.1454430065742197,0.04507854541708124,0.033440736129251386,0.7217600079411985,1.1309439204232412e-07,1.1309446595968859e-07,0.6921434034480828,0.5572761605290385,-0.47892196714528545,0.667254808987037,-0.12185257557957528,0.012004730069712043,-0.06014042793373715,-0.00903686068800214
116.85189069999979,-0.009647949474885483,-0.23681396664979734,1.0730503038049808,0.10762703192749173,0.015215080955643024,0.2080382244321026,-0.6495753699269347,-0.09182954935418526,-1.2556000493023638,-0.02881986677341855,-0.24511434301286084,1.062641979323954,-0.2905803157331311,-0.13012819149039687,-0.030846815378302042,0.7217600079411985,1.1309439204232412e-07,1.1309446595968859e-07,0.6921434034480828,0.5366301407866859,-0.4827983078235589,0.6776508262765355,-0.14043946599406607,0.20311996281509564,-0.5385596941082313,-0.018469567977624658
116.93829470000128,-0.009204881978331027,-0.23675133082580255,1.0739067333992567,0.10467324861712868,0.014797508795677872,0.20232869380359753,-0.6495753699269347,-0.09182954935418526,-1.2556000493023638,-0.04866761645883243,-0.2524831923213668,1.0615131045517654,-0.2299953929297691,-0.0839211016307345,-0.018378287881116152,0.7217600079411985,1.1309439204232412e-07,1.1309446595968859e-07,0.6921434034480828,0.5204278635687247,-0.48568017163854704,0.684998619657216,-0.15506934179957388,0.1948560987443529,-0.5007927273920152,-0.011692898847653725
117.05402319999848,-0.008611316928437005,-0.23666741937600375,1.0750540680126286,0.10071614828450184,0.014238099130352518,0.19467979638111746,-0.6495753699269347,-0.09182954935418526,-1.2556000493023638,-0.033391519282000987,-0.24721641256489568,1.0665668001473363,0.13321034849649982,0.04680995487891577,0.037116454297066864,0.7217600079411985,1.1309439204232412e-07,1.1309446595968859e-07,0.6921434034480828,0.5201923615332577,-0.48552144194414726,0.6856432676384889,-0.15349966109716365,-0.02068225596084239,0.004209015432117278,-0.02084975221049249
117.1438507999992,-0.008150740127798834,-0.2366023082865079,1.0759443423062087,0.09764563628024736,0.013804025200380356,0.18874463442391598,-0.6495753699269347,-0.09182954935418526,-1.2556000493023638,-0.0161004441379647,-0.2409568196812537,1.070752645718466,0.19399612613809125,0.07165398223964567,0.03624302118948507,0.7217600079411985,1.1309439204232412e-07,1.1309446595968859e-07,0.6921434034480828,0.5158671694530258,-0.4862217086518299,0.6876292440014984,-0.1569571161500684,0.04494105382064646,-0.12378320782562763,-0.008939620934716402
117.25533369999903,-0.007579027477111398,-0.2365214860794119,1.0770494372122406,0.09383421860899777,0.013265210486406831,0.1813773350503711,-0.6495753699269347,-0.09182954935418526,-1.2556000493023638,0.0012119107898043019,-0.23416964671644225,1.0745112082253143,0.15703125999702994,0.06231711037691146,0.02357086051646192,0.7107992455396226,1.1493286214808415e-07,1.149329372670543e-07,0.7033949335474894,0.520522596210034,-0.4851365634214392,0.6863186834301812,-0.1505503452040694,-0.07487597162941086,0.12219723666002924,-0.024573425775316633
117.33601750000162,-0.007165264205850628,-0.2364629929522118,1.0778492230536478,0.09107579680059263,0.012875256305072812,0.1760454294409885,-0.6495753699269347,-0.09182954935418526,-1.2556000493023638,0.003949624426831069,-0.23238814335563343,1.075201957838245,0.03416802710469019,0.022018331918305153,0.007568877866499963,0.7107992455396226,1.1493286214808415e-07,1.149329372670543e-07,0.7033949335474894,0.5203204800988663,-0.48509019332430026,0.6865435570681496,-0.15037302477003878,-0.005060222055348929,-0.004394880464316882,-0.005690319980136846
117.43615639999916,-0.006651729234700536,-0.23639039524121233,1.0788418631150576,0.08765223032625866,0.012391271565076363,0.16942782903159,-0.6495753699269347,-0.09182954935418526,-1.2556000493023638,-0.003985910862270542,-0.23364163182709846,1.072500921889105,-0.0782598365238966,-0.011080970442194126,-0.0344318230683394,0.7107992455396226,1.1493286214808415e-07,1.149329372670543e-07,0.7033949335474894,0.5260144124673327,-0.4837211081038684,0.6848014348781725,-0.14272253585264083,-0.09676888807544648,0.16708056913246344,-0.03010956309981156
117.54516710000098,-0.006092701765349605,-0.23631136632022218,1.079922438134639,0.08392538053058576,0.011864412091808657,0.16222399556771386,-0.6495753699269347,-0.09182954935418526,-1.2556000493023638,-0.008039749333872775,-0.23469282537783615,1.0713625501708273,-0.03705241380507264,-0.009440743778315247,-0.011252857790828033,0.7107992455396226,1.1493286214808415e-07,1.149329372670543e-07,0.7033949335474894,0.5261248237096264,-0.4836600663168557,0.6848175388311135,-0.14244489684149972,-0.0038757746656888324,0.003533859417471208,-0.0019606958790759944
117.62866930000018,-0.005664477407901045,-0.23625082884976448,1.080750176606905,0.08107055148092869,0.011460828955424138,0.1567057390859411,-0.6495753699269347,-0.09182954935418526,-1.2556000493023638,-0.030814769455719898,-0.2443781402995045,1.0695340956323616,-0.2687974956576065,-0.11420572053723436,-0.04395010059929318,0.7107992455396226,1.1493286214808415e-07,1.149329372670543e-07,0.7033949335474894,0.5149754026557282,-0.4854080224859818,0.6902784889454536,-0.15064857803842863,0.1072699215725568,-0.3405119893328388,-0.03580461432232719
117.7328946000016,-0.005129942348803563,-0.2361752623860969,1.0817834088962268,0.07750698442027878,0.010957052530973642,0.14981752382379593,-0.6495753699269347,-0.09182954935418526,-1.2556000493023638,-0.050318304530981725,-0.25420296674815296,1.0681821990666418,-0.18597780035671277,-0.09541641869943225,-0.020280272099873632,0.7107992455396226,1.1493286214808415e-07,1.149329372670543e-07,0.7033949335474894,0.49499517473817534,-0.48893127689386706,0.6981668093903995,-0.16878711362685717,0.2138729135929701,-0.49981147852641383,-0.0034577112210122793
117.83779359999971,-0.004592037532016322,-0.23609921954456095,1.0828231547759912,0.07392095230836383,0.010450100254067226,0.14288588462536583,-0.6495753699269347,-0.09182954935418526,-1.2556000493023638,-0.03732053270293108,-0.25019169023071863,1.0714516627060868,0.12436865132845307,0.039285909374610226,0.02850902541205858,0.7107992455396226,1.1493286214808415e-07,1.149329372670543e-07,0.7033949335474894,0.49801076803998073,-0.4883798194964644,0.6975892345498097,-0.16382822304181857,-0.05899155146816726,0.08992931844048087,-0.03077220243219965
117.9450093000014,-0.0040422101011931225,-0.23602149121997754,1.083885946533824,0.07025543610287582,0.009931911423511214,0.1358006062398152,-0.6495753699269347,-0.09182954935418526,-1.2556000493023638,-0.009539949089047928,-0.24037676261368063,1.076034904954115,0.25999755028769805,0.09542660635281018,0.02478591402935965,0.7107992455396226,1.1493286214808415e-07,1.149329372670543e-07,0.7033949335474894,0.49223756461477686,-0.48946785562666373,0.699789718211569,-0.16857564644906883,0.05759249658185242,-0.13453753681955244,-0.007661288238474848
118.0461135000005,-0.0035237330580626374,-0.23594819485526697,1.0848881393986642,0.0667989224820059,0.009443268992107465,0.1291193204742131,-0.6495753699269347,-0.09182954935418526,-1.2556000493023638,0.006450065819833012,-0.23370485156351478,1.080305502323106,0.15986687500716582,0.06708178041796878,0.033444913828330404,0.7107992455396226,1.1493286214808415e-07,1.149329372670543e-07,0.7033949335474894,0.49879820903206373,-0.4881539394900882,0.6979934839229388,-0.16034704371403644,-0.10335591727700796,0.18350918598919214,-0.03144376230999202
